KEY_CODE,HYOSYO,CITYNAME,NAME,HTKSYORI,HTKSAKI,GASSAN,人口総数,男,女,世帯総数
47201,1,那覇市,,0,,,317625,154042,163583,144355
472010010,3,那覇市,曙,0,,,4673,2414,2259,2350
47201001001,4,那覇市,曙一丁目,0,,,1416,772,644,799
47201001002,4,那覇市,曙二丁目,0,,,1337,670,667,653
47201001003,4,那覇市,曙三丁目,0,,,1920,972,948,898
472010020,2,那覇市,旭町,0,,,183,83,100,82
472010031,2,那覇市,字安謝,0,,,3603,1808,1795,1750
472010032,3,那覇市,安謝,0,,,5076,2416,2660,2208
47201003201,4,那覇市,安謝一丁目,0,,,1991,979,1012,861
47201003202,4,那覇市,安謝二丁目,0,,,3085,1437,1648,1347
472010041,2,那覇市,字天久,0,,,3009,1495,1514,1321
472010042,3,那覇市,天久,0,,,5140,2480,2660,2239
47201004201,4,那覇市,天久一丁目,0,,,2226,1062,1164,952
47201004202,4,那覇市,天久二丁目,0,,,2914,1418,1496,1287
472010050,3,那覇市,泉崎,0,,,2943,1364,1579,1627
47201005001,4,那覇市,泉崎一丁目,0,,,1190,532,658,666
47201005002,4,那覇市,泉崎二丁目,0,,,1753,832,921,961
472010061,2,那覇市,字上之屋,0,,,1319,622,697,654
472010062,2,那覇市,上之屋,0,,,1822,896,926,884
472010070,2,那覇市,奥武山町,0,,,212,103,109,90
472010080,3,那覇市,久米,0,,,3071,1462,1609,1690
47201008001,4,那覇市,久米一丁目,0,,,1343,640,703,720
47201008002,4,那覇市,久米二丁目,0,,,1728,822,906,970
472010090,3,那覇市,久茂地,0,,,1635,790,845,1031
47201009001,4,那覇市,久茂地一丁目,0,,,76,34,42,39
47201009002,4,那覇市,久茂地二丁目,0,,,946,457,489,625
47201009003,4,那覇市,久茂地三丁目,0,,,613,299,314,367
472010100,3,那覇市,楚辺,0,,,4526,2197,2329,2363
47201010001,4,那覇市,楚辺一丁目,0,,,1499,711,788,841
47201010002,4,那覇市,楚辺二丁目,0,,,2497,1221,1276,1231
47201010003,4,那覇市,楚辺三丁目,0,,,530,265,265,291
472010110,3,那覇市,辻,0,,,2341,1150,1191,1325
47201011001,4,那覇市,辻一丁目,0,,,1452,717,735,826
47201011002,4,那覇市,辻二丁目,0,,,889,433,456,499
47201011003,4,那覇市,辻三丁目,0,,,-,-,-,-
472010120,3,那覇市,壷川,0,,,3645,1629,2016,1894
47201012001,4,那覇市,壷川一丁目,0,,,1360,625,735,692
47201012002,4,那覇市,壷川二丁目,0,,,1414,659,755,674
47201012003,4,那覇市,壷川三丁目,0,,,871,345,526,528
472010130,3,那覇市,壷屋,0,,,3879,1867,2012,2075
47201013001,4,那覇市,壷屋一丁目,0,,,2014,966,1048,1082
47201013002,4,那覇市,壷屋二丁目,0,,,1865,901,964,993
472010140,3,那覇市,泊,0,,,6025,2946,3079,3021
47201014001,4,那覇市,泊一丁目,0,,,2870,1387,1483,1395
47201014002,4,那覇市,泊二丁目,0,,,1695,823,872,885
47201014003,4,那覇市,泊三丁目,0,,,1460,736,724,741
472010150,2,那覇市,通堂町,0,,,-,-,-,-
472010160,3,那覇市,西,0,,,4064,1978,2086,2288
47201016001,4,那覇市,西一丁目,0,,,1325,666,659,813
47201016002,4,那覇市,西二丁目,0,,,1417,712,705,788
47201016003,4,那覇市,西三丁目,0,,,1322,600,722,687
472010180,2,那覇市,東町,0,,,1221,607,614,625
472010190,3,那覇市,樋川,0,,,3778,1861,1917,1830
47201019001,4,那覇市,樋川一丁目,0,,,2595,1331,1264,1345
47201019002,4,那覇市,樋川二丁目,0,,,1183,530,653,485
472010200,3,那覇市,前島,0,,,3915,1903,2012,2207
47201020001,4,那覇市,前島一丁目,0,,,1219,579,640,664
47201020002,4,那覇市,前島二丁目,0,,,1575,732,843,821
47201020003,4,那覇市,前島三丁目,0,,,1121,592,529,722
472010210,3,那覇市,牧志,0,,,5414,2578,2836,3016
47201021001,4,那覇市,牧志一丁目,0,,,1294,627,667,683
47201021002,4,那覇市,牧志二丁目,0,,,2097,1021,1076,1134
47201021003,4,那覇市,牧志三丁目,0,,,2023,930,1093,1199
472010220,3,那覇市,松尾,0,,,4248,2055,2193,2306
47201022001,4,那覇市,松尾一丁目,0,,,1674,819,855,854
47201022002,4,那覇市,松尾二丁目,0,,,2574,1236,1338,1452
472010230,3,那覇市,松山,0,,,1942,965,977,1158
47201023001,4,那覇市,松山一丁目,0,,,1001,489,512,605
47201023002,4,那覇市,松山二丁目,0,,,941,476,465,553
472010240,3,那覇市,港町,0,,,253,137,116,120
47201024001,4,那覇市,港町一丁目,0,,,8,8,-,8
47201024002,4,那覇市,港町二丁目,0,,,245,129,116,112
47201024003,4,那覇市,港町三丁目,0,,,-,-,-,-
47201024004,4,那覇市,港町四丁目,0,,,-,-,-,-
472010251,2,那覇市,字銘苅,0,,,1114,484,630,487
472010252,3,那覇市,銘苅,0,,,5731,2736,2995,2557
47201025201,4,那覇市,銘苅一丁目,0,,,2153,1008,1145,1028
47201025202,4,那覇市,銘苅二丁目,0,,,1753,829,924,741
47201025203,4,那覇市,銘苅三丁目,0,,,1825,899,926,788
472010260,2,那覇市,山下町,0,,,2143,1050,1093,981
472010270,3,那覇市,若狭,0,,,4165,2017,2148,2101
47201027001,4,那覇市,若狭一丁目,0,,,836,431,405,455
47201027002,4,那覇市,若狭二丁目,0,,,1368,639,729,656
47201027003,4,那覇市,若狭三丁目,0,,,1961,947,1014,990
472010280,3,那覇市,垣花町,0,,,69,36,33,32
47201028000,4,那覇市,垣花町,0,,,-,-,-,-
47201028001,4,那覇市,垣花町一丁目,0,,,-,-,-,-
47201028002,4,那覇市,垣花町二丁目,0,,,-,-,-,-
47201028003,4,那覇市,垣花町三丁目,0,,,69,36,33,32
472010290,3,那覇市,首里赤田町,0,,,870,409,461,335
47201029001,4,那覇市,首里赤田町一丁目,0,,,344,163,181,139
47201029002,4,那覇市,首里赤田町二丁目,0,,,340,166,174,130
47201029003,4,那覇市,首里赤田町三丁目,0,,,186,80,106,66
472010300,3,那覇市,首里赤平町,0,,,1060,490,570,468
47201030001,4,那覇市,首里赤平町一丁目,0,,,372,170,202,152
47201030002,4,那覇市,首里赤平町二丁目,0,,,688,320,368,316
472010310,2,那覇市,首里池端町,0,,,146,62,84,78
472010320,3,那覇市,首里石嶺町,0,,,21625,10379,11246,8306
47201032001,4,那覇市,首里石嶺町一丁目,0,,,2806,1379,1427,1061
47201032002,4,那覇市,首里石嶺町二丁目,0,,,5982,2788,3194,2449
47201032003,4,那覇市,首里石嶺町三丁目,0,,,3688,1807,1881,1450
47201032004,4,那覇市,首里石嶺町四丁目,0,,,9149,4405,4744,3346
472010330,3,那覇市,首里大名町,0,,,4145,1949,2196,1670
47201033001,4,那覇市,首里大名町一丁目,0,,,1654,780,874,581
47201033002,4,那覇市,首里大名町二丁目,0,,,740,361,379,319
47201033003,4,那覇市,首里大名町三丁目,0,,,1751,808,943,770
472010340,3,那覇市,首里大中町,0,,,633,305,328,265
47201034001,4,那覇市,首里大中町一丁目,0,,,413,193,220,172
47201034002,4,那覇市,首里大中町二丁目,0,,,220,112,108,93
472010350,3,那覇市,首里金城町,0,,,2082,998,1084,864
47201035001,4,那覇市,首里金城町一丁目,0,,,532,257,275,249
47201035002,4,那覇市,首里金城町二丁目,0,,,334,165,169,135
47201035003,4,那覇市,首里金城町三丁目,0,,,246,119,127,109
47201035004,4,那覇市,首里金城町四丁目,0,,,970,457,513,371
472010360,3,那覇市,首里儀保町,0,,,1286,592,694,559
47201036001,4,那覇市,首里儀保町一丁目,0,,,329,163,166,141
47201036002,4,那覇市,首里儀保町二丁目,0,,,192,87,105,86
47201036003,4,那覇市,首里儀保町三丁目,0,,,341,149,192,147
47201036004,4,那覇市,首里儀保町四丁目,0,,,424,193,231,185
472010370,3,那覇市,首里久場川町,0,,,3699,1719,1980,1572
47201037001,4,那覇市,首里久場川町一丁目,0,,,1216,571,645,477
47201037002,4,那覇市,首里久場川町二丁目,0,,,2483,1148,1335,1095
472010380,3,那覇市,首里崎山町,0,,,1858,927,931,723
47201038001,4,那覇市,首里崎山町一丁目,0,,,554,277,277,225
47201038002,4,那覇市,首里崎山町二丁目,0,,,209,96,113,82
47201038003,4,那覇市,首里崎山町三丁目,0,,,469,240,229,183
47201038004,4,那覇市,首里崎山町四丁目,0,,,626,314,312,233
472010390,3,那覇市,首里寒川町,0,,,1618,753,865,685
47201039001,4,那覇市,首里寒川町一丁目,0,,,828,400,428,345
47201039002,4,那覇市,首里寒川町二丁目,0,,,790,353,437,340
472010400,3,那覇市,首里末吉町,0,,,3820,1825,1995,1493
47201040001,4,那覇市,首里末吉町一丁目,0,,,623,312,311,236
47201040002,4,那覇市,首里末吉町二丁目,0,,,1188,578,610,446
47201040003,4,那覇市,首里末吉町三丁目,0,,,1591,740,851,640
47201040004,4,那覇市,首里末吉町四丁目,0,,,418,195,223,171
472010410,3,那覇市,首里平良町,0,,,1489,699,790,587
47201041001,4,那覇市,首里平良町一丁目,0,,,986,460,526,393
47201041002,4,那覇市,首里平良町二丁目,0,,,503,239,264,194
472010420,3,那覇市,首里汀良町,0,,,1919,890,1029,854
47201042001,4,那覇市,首里汀良町一丁目,0,,,314,149,165,149
47201042002,4,那覇市,首里汀良町二丁目,0,,,459,219,240,193
47201042003,4,那覇市,首里汀良町三丁目,0,,,1146,522,624,512
472010430,3,那覇市,首里当蔵町,0,,,1247,588,659,503
47201043001,4,那覇市,首里当蔵町一丁目,0,,,613,286,327,242
47201043002,4,那覇市,首里当蔵町二丁目,0,,,575,277,298,234
47201043003,4,那覇市,首里当蔵町三丁目,0,,,59,25,34,27
472010440,3,那覇市,首里桃原町,0,,,773,359,414,329
47201044001,4,那覇市,首里桃原町一丁目,0,,,377,178,199,159
47201044002,4,那覇市,首里桃原町二丁目,0,,,396,181,215,170
472010450,3,那覇市,首里鳥堀町,0,,,4411,2079,2332,1767
47201045001,4,那覇市,首里鳥堀町一丁目,0,,,154,73,81,76
47201045002,4,那覇市,首里鳥堀町二丁目,0,,,304,136,168,144
47201045003,4,那覇市,首里鳥堀町三丁目,0,,,512,257,255,204
47201045004,4,那覇市,首里鳥堀町四丁目,0,,,2419,1128,1291,944
47201045005,4,那覇市,首里鳥堀町五丁目,0,,,1022,485,537,399
472010460,3,那覇市,首里真和志町,0,,,305,141,164,138
47201046001,4,那覇市,首里真和志町一丁目,0,,,169,77,92,83
47201046002,4,那覇市,首里真和志町二丁目,0,,,136,64,72,55
472010470,3,那覇市,首里山川町,0,,,2305,1106,1199,951
47201047001,4,那覇市,首里山川町一丁目,0,,,1219,586,633,491
47201047002,4,那覇市,首里山川町二丁目,0,,,506,252,254,211
47201047003,4,那覇市,首里山川町三丁目,0,,,580,268,312,249
472010481,2,那覇市,字赤嶺,0,,,-,-,-,-
472010482,3,那覇市,赤嶺,0,,,3083,1439,1644,1306
47201048201,4,那覇市,赤嶺一丁目,0,,,1304,637,667,558
47201048202,4,那覇市,赤嶺二丁目,0,,,1779,802,977,748
472010491,3,那覇市,宇栄原,0,,,9538,4620,4918,4070
47201049101,4,那覇市,宇栄原一丁目,0,,,2066,998,1068,853
47201049102,4,那覇市,宇栄原二丁目,0,,,1415,709,706,494
47201049103,4,那覇市,宇栄原三丁目,0,,,3116,1548,1568,1392
47201049104,4,那覇市,宇栄原四丁目,0,,,1964,872,1092,935
47201049105,4,那覇市,宇栄原五丁目,0,,,380,190,190,153
47201049106,4,那覇市,宇栄原六丁目,0,,,597,303,294,243
472010492,2,那覇市,字宇栄原,0,,,3160,1558,1602,1200
472010501,3,那覇市,小禄,0,,,8841,4313,4528,3426
47201050101,4,那覇市,小禄一丁目,0,,,4045,1956,2089,1626
47201050102,4,那覇市,小禄二丁目,0,,,842,419,423,337
47201050103,4,那覇市,小禄三丁目,0,,,859,436,423,353
47201050104,4,那覇市,小禄四丁目,0,,,1779,874,905,634
47201050105,4,那覇市,小禄五丁目,0,,,1316,628,688,476
472010502,2,那覇市,字小禄,0,,,8966,4384,4582,3838
472010510,2,那覇市,字安次嶺,0,,,305,180,125,114
472010520,2,那覇市,鏡原町,0,,,1903,890,1013,907
472010531,2,那覇市,字具志,0,,,-,-,-,-
472010532,3,那覇市,具志,0,,,5986,3077,2909,2600
47201053201,4,那覇市,具志一丁目,0,,,1798,900,898,776
47201053202,4,那覇市,具志二丁目,0,,,1783,916,867,759
47201053203,4,那覇市,具志三丁目,0,,,2405,1261,1144,1065
472010541,2,那覇市,字高良,0,,,-,-,-,-
472010542,3,那覇市,高良,0,,,2974,1492,1482,1305
47201054201,4,那覇市,高良一丁目,0,,,780,366,414,317
47201054202,4,那覇市,高良二丁目,0,,,1629,855,774,713
47201054203,4,那覇市,高良三丁目,0,,,565,271,294,275
472010551,2,那覇市,字田原,0,,,1936,970,966,883
472010552,3,那覇市,田原,0,,,4071,1875,2196,1836
47201055201,4,那覇市,田原一丁目,0,,,1086,540,546,495
47201055202,4,那覇市,田原二丁目,0,,,341,153,188,159
47201055203,4,那覇市,田原三丁目,0,,,2051,903,1148,936
47201055204,4,那覇市,田原四丁目,0,,,593,279,314,246
472010561,2,那覇市,字宮城,0,,,-,-,-,-
472010562,2,那覇市,宮城,0,,,1366,657,709,545
472010570,2,那覇市,字大嶺,0,,,-,-,-,-
472010580,3,那覇市,金城,0,,,5160,2567,2593,2253
47201058001,4,那覇市,金城一丁目,0,,,832,430,402,351
47201058002,4,那覇市,金城二丁目,0,,,1925,948,977,823
47201058003,4,那覇市,金城三丁目,0,,,523,259,264,211
47201058004,4,那覇市,金城四丁目,0,,,425,218,207,190
47201058005,4,那覇市,金城五丁目,0,,,1455,712,743,678
472010590,3,那覇市,古波蔵,0,,,8914,4226,4688,4106
47201059001,4,那覇市,古波蔵一丁目,0,,,2730,1334,1396,1292
47201059002,4,那覇市,古波蔵二丁目,0,,,1881,922,959,896
47201059003,4,那覇市,古波蔵三丁目,0,,,3387,1536,1851,1507
47201059004,4,那覇市,古波蔵四丁目,0,,,916,434,482,411
472010601,2,那覇市,字与儀,0,,,3347,1613,1734,1579
472010602,3,那覇市,与儀,0,,,2962,1418,1544,1364
47201060201,4,那覇市,与儀一丁目,0,,,1354,664,690,665
47201060202,4,那覇市,与儀二丁目,0,,,1608,754,854,699
472010611,2,那覇市,字安里,0,,,3746,1701,2045,2122
472010612,3,那覇市,安里,0,,,2434,1170,1264,1337
47201061201,4,那覇市,安里一丁目,0,,,601,279,322,299
47201061202,4,那覇市,安里二丁目,0,,,895,436,459,536
47201061203,4,那覇市,安里三丁目,0,,,938,455,483,502
472010621,2,那覇市,字上間,0,,,3681,1762,1919,1498
472010622,2,那覇市,上間,0,,,977,476,501,421
472010630,2,那覇市,字国場,0,,,11363,5593,5770,5133
472010641,2,那覇市,字識名,0,,,1494,729,765,582
472010642,3,那覇市,識名,0,,,6185,2960,3225,2599
47201064201,4,那覇市,識名一丁目,0,,,2052,967,1085,929
47201064202,4,那覇市,識名二丁目,0,,,1188,554,634,443
47201064203,4,那覇市,識名三丁目,0,,,2226,1074,1152,941
47201064204,4,那覇市,識名四丁目,0,,,719,365,354,286
472010650,2,那覇市,字大道,0,,,3248,1571,1677,1704
472010660,2,那覇市,字仲井真,0,,,4670,2277,2393,1939
472010670,3,那覇市,長田,0,,,7204,3516,3688,3446
47201067001,4,那覇市,長田一丁目,0,,,1911,892,1019,974
47201067002,4,那覇市,長田二丁目,0,,,5293,2624,2669,2472
472010680,3,那覇市,繁多川,0,,,9698,4612,5086,4110
47201068001,4,那覇市,繁多川一丁目,0,,,2620,1207,1413,1138
47201068002,4,那覇市,繁多川二丁目,0,,,1778,896,882,840
47201068003,4,那覇市,繁多川三丁目,0,,,1627,772,855,658
47201068004,4,那覇市,繁多川四丁目,0,,,1686,788,898,673
47201068005,4,那覇市,繁多川五丁目,0,,,1987,949,1038,801
472010691,2,那覇市,字古島,0,,,299,148,151,125
472010692,3,那覇市,古島,0,,,3288,1572,1716,1453
47201069201,4,那覇市,古島一丁目,0,,,1433,695,738,671
47201069202,4,那覇市,古島二丁目,0,,,1855,877,978,782
472010700,2,那覇市,字真地,0,,,3800,1851,1949,1587
472010710,3,那覇市,真嘉比,0,,,5638,2758,2880,2588
47201071001,4,那覇市,真嘉比一丁目,0,,,1753,853,900,886
47201071002,4,那覇市,真嘉比二丁目,0,,,2477,1203,1274,1096
47201071003,4,那覇市,真嘉比三丁目,0,,,1408,702,706,606
472010721,2,那覇市,字松川,0,,,3136,1518,1618,1449
472010722,3,那覇市,松川,0,,,4967,2439,2528,2424
47201072201,4,那覇市,松川一丁目,0,,,1350,675,675,628
47201072202,4,那覇市,松川二丁目,0,,,1322,679,643,730
47201072203,4,那覇市,松川三丁目,0,,,2295,1085,1210,1066
472010730,3,那覇市,三原,0,,,6336,3093,3243,2997
47201073001,4,那覇市,三原一丁目,0,,,2064,1006,1058,1002
47201073002,4,那覇市,三原二丁目,0,,,2649,1282,1367,1281
47201073003,4,那覇市,三原三丁目,0,,,1623,805,818,714
472010741,2,那覇市,字寄宮,0,,,523,258,265,287
472010742,3,那覇市,寄宮,0,,,5717,2700,3017,2620
47201074201,4,那覇市,寄宮一丁目,0,,,1614,771,843,758
47201074202,4,那覇市,寄宮二丁目,0,,,2522,1169,1353,1118
47201074203,4,那覇市,寄宮三丁目,0,,,1581,760,821,744
472010750,2,那覇市,,0,,,-,-,-,-
472010760,3,那覇市,住吉町,0,,,-,-,-,-
47201076001,4,那覇市,住吉町一丁目,0,,,-,-,-,-
47201076002,4,那覇市,住吉町二丁目,0,,,-,-,-,-
47201076003,4,那覇市,住吉町三丁目,0,,,-,-,-,-
472010770,2,那覇市,字当間,0,,,1017,923,94,9
472010780,2,那覇市,字鏡水,0,,,566,512,54,22
472010790,3,那覇市,松島,0,,,2365,1165,1200,1082
47201079001,4,那覇市,松島一丁目,0,,,1381,677,704,668
47201079002,4,那覇市,松島二丁目,0,,,984,488,496,414
472010800,3,那覇市,おもろまち,0,,,6311,3060,3251,3030
47201080001,4,那覇市,おもろまち一丁目,0,,,1232,618,614,600
47201080002,4,那覇市,おもろまち二丁目,0,,,1450,696,754,626
47201080003,4,那覇市,おもろまち三丁目,0,,,1268,594,674,465
47201080004,4,那覇市,おもろまち四丁目,0,,,2361,1152,1209,1339
47205,1,宜野湾市,,0,,,100125,48826,51299,44163
472050010,3,宜野湾市,喜友名,0,,,3254,1581,1673,1389
47205001001,4,宜野湾市,喜友名一丁目,0,,,1912,909,1003,795
47205001002,4,宜野湾市,喜友名二丁目,0,,,1342,672,670,594
472050020,3,宜野湾市,伊佐,0,,,4264,2018,2246,2046
47205002001,4,宜野湾市,伊佐一丁目,0,,,327,160,167,172
47205002002,4,宜野湾市,伊佐二丁目,0,,,1397,678,719,639
47205002003,4,宜野湾市,伊佐三丁目,0,,,1680,800,880,793
47205002004,4,宜野湾市,伊佐四丁目,0,,,860,380,480,442
472050030,3,宜野湾市,新城,0,,,3945,1893,2052,1706
47205003001,4,宜野湾市,新城一丁目,0,,,1347,664,683,590
47205003002,4,宜野湾市,新城二丁目,0,,,2598,1229,1369,1116
472050040,3,宜野湾市,普天間,0,,,3512,1704,1808,1682
47205004001,4,宜野湾市,普天間一丁目,0,,,1592,774,818,752
47205004002,4,宜野湾市,普天間二丁目,0,,,1920,930,990,930
472050050,3,宜野湾市,野嵩,0,,,7710,3760,3950,3208
47205005001,4,宜野湾市,野嵩一丁目,0,,,3150,1514,1636,1273
47205005002,4,宜野湾市,野嵩二丁目,0,,,1964,959,1005,835
47205005003,4,宜野湾市,野嵩三丁目,0,,,1516,748,768,655
47205005004,4,宜野湾市,野嵩四丁目,0,,,1080,539,541,445
472050060,3,宜野湾市,上原,0,,,2535,1181,1354,1097
47205006001,4,宜野湾市,上原一丁目,0,,,1261,583,678,520
47205006002,4,宜野湾市,上原二丁目,0,,,1274,598,676,577
472050071,3,宜野湾市,赤道,0,,,2292,1089,1203,929
47205007101,4,宜野湾市,赤道一丁目,0,,,1037,507,530,419
47205007102,4,宜野湾市,赤道二丁目,0,,,1255,582,673,510
472050080,3,宜野湾市,愛知,0,,,5376,2583,2793,2072
47205008001,4,宜野湾市,愛知一丁目,0,,,692,330,362,285
47205008002,4,宜野湾市,愛知二丁目,0,,,2426,1146,1280,924
47205008003,4,宜野湾市,愛知三丁目,0,,,2258,1107,1151,863
472050091,2,宜野湾市,神山,0,,,1219,599,620,469
472050100,3,宜野湾市,宜野湾,0,,,6538,3260,3278,3162
47205010001,4,宜野湾市,宜野湾一丁目,0,,,2158,1081,1077,1006
47205010002,4,宜野湾市,宜野湾二丁目,0,,,1941,987,954,951
47205010003,4,宜野湾市,宜野湾三丁目,0,,,2439,1192,1247,1205
472050111,3,宜野湾市,長田,0,,,4638,2283,2355,1862
47205011101,4,宜野湾市,長田一丁目,0,,,1317,658,659,546
47205011102,4,宜野湾市,長田二丁目,0,,,885,436,449,307
47205011103,4,宜野湾市,長田三丁目,0,,,1503,728,775,536
47205011104,4,宜野湾市,長田四丁目,0,,,933,461,472,473
472050120,3,宜野湾市,志真志,0,,,5624,2946,2678,2929
47205012001,4,宜野湾市,志真志一丁目,0,,,1807,910,897,938
47205012002,4,宜野湾市,志真志二丁目,0,,,1269,674,595,617
47205012003,4,宜野湾市,志真志三丁目,0,,,1119,668,451,744
47205012004,4,宜野湾市,志真志四丁目,0,,,1429,694,735,630
472050131,3,宜野湾市,我如古,0,,,8966,4544,4422,4300
47205013101,4,宜野湾市,我如古一丁目,0,,,2972,1442,1530,1285
47205013102,4,宜野湾市,我如古二丁目,0,,,3294,1715,1579,1800
47205013103,4,宜野湾市,我如古三丁目,0,,,1172,619,553,541
47205013104,4,宜野湾市,我如古四丁目,0,,,1528,768,760,674
472050132,2,宜野湾市,字我如古,0,,,602,289,313,280
472050140,2,宜野湾市,字佐真下,0,,,1562,745,817,691
472050150,3,宜野湾市,真栄原,0,,,7365,3580,3785,3043
47205015001,4,宜野湾市,真栄原一丁目,0,,,2806,1382,1424,1123
47205015002,4,宜野湾市,真栄原二丁目,0,,,2236,1056,1180,995
47205015003,4,宜野湾市,真栄原三丁目,0,,,2323,1142,1181,925
472050160,3,宜野湾市,嘉数,0,,,5380,2607,2773,2185
47205016001,4,宜野湾市,嘉数一丁目,0,,,736,381,355,320
47205016002,4,宜野湾市,嘉数二丁目,0,,,1422,711,711,562
47205016003,4,宜野湾市,嘉数三丁目,0,,,1475,718,757,630
47205016004,4,宜野湾市,嘉数四丁目,0,,,1747,797,950,673
472050171,3,宜野湾市,大謝名,0,,,6175,2935,3240,2767
47205017101,4,宜野湾市,大謝名一丁目,0,,,1479,713,766,689
47205017102,4,宜野湾市,大謝名二丁目,0,,,1140,570,570,555
47205017103,4,宜野湾市,大謝名三丁目,0,,,542,263,279,266
47205017104,4,宜野湾市,大謝名四丁目,0,,,1239,574,665,485
47205017105,4,宜野湾市,大謝名五丁目,0,,,1775,815,960,772
472050172,2,宜野湾市,字大謝名,0,,,1146,562,584,492
472050180,2,宜野湾市,字宇地泊,0,,,3905,1853,2052,1681
472050191,3,宜野湾市,真志喜,0,,,5798,2777,3021,2392
47205019101,4,宜野湾市,真志喜一丁目,0,,,1103,522,581,504
47205019102,4,宜野湾市,真志喜二丁目,0,,,2282,1087,1195,923
47205019103,4,宜野湾市,真志喜三丁目,0,,,2413,1168,1245,965
47205019104,4,宜野湾市,真志喜四丁目,0,,,-,-,-,-
472050192,2,宜野湾市,字真志喜,0,,,635,337,298,314
472050200,3,宜野湾市,大山,0,,,7684,3700,3984,3467
47205020001,4,宜野湾市,大山一丁目,0,,,655,322,333,313
47205020002,4,宜野湾市,大山二丁目,0,,,1536,722,814,750
47205020003,4,宜野湾市,大山三丁目,0,,,1677,829,848,791
47205020004,4,宜野湾市,大山四丁目,0,,,761,396,365,325
47205020005,4,宜野湾市,大山五丁目,0,,,849,413,436,365
47205020006,4,宜野湾市,大山六丁目,0,,,1878,865,1013,752
47205020007,4,宜野湾市,大山七丁目,0,,,328,153,175,171
47207,1,石垣市,,0,,,47637,24001,23636,22033
472070010,3,石垣市,字登野城,0,,,9351,4735,4616,4418
47207001000,4,石垣市,字登野城,0,,,8539,4326,4213,4041
47207001001,4,石垣市,字登野城,0,,,812,409,403,377
472070020,2,石垣市,字大川,0,,,3264,1635,1629,1586
472070030,2,石垣市,字石垣,0,,,3733,1820,1913,1854
472070040,2,石垣市,字新川,0,,,7989,3977,4012,3582
472070050,2,石垣市,美崎町,0,,,438,244,194,305
472070060,2,石垣市,新栄町,0,,,2380,1222,1158,1117
472070070,2,石垣市,字名蔵,0,,,342,181,161,160
472070080,2,石垣市,字崎枝,0,,,123,61,62,55
472070090,2,石垣市,字川平,0,,,959,505,454,523
472070100,2,石垣市,字桴海,0,,,222,113,109,100
472070110,2,石垣市,字平得,0,,,2853,1442,1411,1272
472070120,2,石垣市,字真栄里,0,,,6024,3113,2911,2939
472070130,2,石垣市,字大浜,0,,,4317,2145,2172,1704
472070140,2,石垣市,字宮良,0,,,1700,832,868,671
472070150,2,石垣市,字白保,0,,,1583,767,816,628
472070160,2,石垣市,字桃里,0,,,293,152,141,135
472070170,2,石垣市,字伊原間,0,,,266,132,134,128
472070180,2,石垣市,字平久保,0,,,118,67,51,59
472070190,2,石垣市,字野底,0,,,299,147,152,136
472070200,3,石垣市,浜崎町,0,,,1089,556,533,541
47207020001,4,石垣市,浜崎町一丁目,0,,,93,44,49,44
47207020002,4,石垣市,浜崎町二丁目,0,,,823,433,390,400
47207020003,4,石垣市,浜崎町三丁目,0,,,173,79,94,97
472070210,3,石垣市,八島町,0,,,294,155,139,120
47207021001,4,石垣市,八島町一丁目,0,,,44,25,19,27
47207021002,4,石垣市,八島町二丁目,0,,,250,130,120,93
472070220,2,石垣市,,0,,,-,-,-,-
472070230,2,石垣市,南ぬ浜町,0,,,-,-,-,-
472070240,2,石垣市,字登野城尖閣,0,,,-,-,-,-
47208,1,浦添市,,0,,,115690,55977,59713,47331
472080011,3,浦添市,仲間,0,,,3901,1867,2034,1526
47208001101,4,浦添市,仲間一丁目,0,,,1123,556,567,477
47208001102,4,浦添市,仲間二丁目,0,,,1797,851,946,677
47208001103,4,浦添市,仲間三丁目,0,,,981,460,521,372
472080012,2,浦添市,字仲間,0,,,44,13,31,14
472080020,3,浦添市,安波茶,0,,,4335,2112,2223,1756
47208002001,4,浦添市,安波茶一丁目,0,,,2423,1175,1248,973
47208002002,4,浦添市,安波茶二丁目,0,,,831,421,410,349
47208002003,4,浦添市,安波茶三丁目,0,,,1081,516,565,434
472080031,3,浦添市,伊祖,0,,,8984,4280,4704,3673
47208003101,4,浦添市,伊祖一丁目,0,,,2796,1307,1489,1069
47208003102,4,浦添市,伊祖二丁目,0,,,2548,1211,1337,1026
47208003103,4,浦添市,伊祖三丁目,0,,,1906,916,990,845
47208003104,4,浦添市,伊祖四丁目,0,,,956,454,502,391
47208003105,4,浦添市,伊祖五丁目,0,,,778,392,386,342
472080032,2,浦添市,字伊祖,0,,,-,-,-,-
472080041,3,浦添市,牧港,0,,,8493,4060,4433,3463
47208004101,4,浦添市,牧港一丁目,0,,,2730,1307,1423,1155
47208004102,4,浦添市,牧港二丁目,0,,,2166,1053,1113,909
47208004103,4,浦添市,牧港三丁目,0,,,1109,526,583,337
47208004104,4,浦添市,牧港四丁目,0,,,1503,723,780,663
47208004105,4,浦添市,牧港五丁目,0,,,985,451,534,399
472080042,2,浦添市,字牧港,0,,,35,8,27,1
472080051,3,浦添市,港川,0,,,5618,2683,2935,2174
47208005101,4,浦添市,港川一丁目,0,,,2559,1256,1303,972
47208005102,4,浦添市,港川二丁目,0,,,3059,1427,1632,1202
472080052,2,浦添市,字港川,0,,,1878,880,998,762
472080061,3,浦添市,城間,0,,,9619,4601,5018,4052
47208006101,4,浦添市,城間一丁目,0,,,1096,515,581,485
47208006102,4,浦添市,城間二丁目,0,,,1817,867,950,771
47208006103,4,浦添市,城間三丁目,0,,,1705,804,901,843
47208006104,4,浦添市,城間四丁目,0,,,5001,2415,2586,1953
472080062,2,浦添市,字城間,0,,,296,135,161,105
472080071,3,浦添市,屋富祖,0,,,4232,2012,2220,1919
47208007101,4,浦添市,屋富祖一丁目,0,,,765,342,423,340
47208007102,4,浦添市,屋富祖二丁目,0,,,1972,944,1028,852
47208007103,4,浦添市,屋富祖三丁目,0,,,1063,511,552,483
47208007104,4,浦添市,屋富祖四丁目,0,,,432,215,217,244
472080080,3,浦添市,宮城,0,,,11962,5850,6112,5094
47208008001,4,浦添市,宮城一丁目,0,,,1933,941,992,934
47208008002,4,浦添市,宮城二丁目,0,,,2098,1007,1091,921
47208008003,4,浦添市,宮城三丁目,0,,,2261,1132,1129,953
47208008004,4,浦添市,宮城四丁目,0,,,2640,1313,1327,1006
47208008005,4,浦添市,宮城五丁目,0,,,1159,555,604,466
47208008006,4,浦添市,宮城六丁目,0,,,1871,902,969,814
472080091,3,浦添市,仲西,0,,,4309,2037,2272,1942
47208009101,4,浦添市,仲西一丁目,0,,,1866,932,934,972
47208009102,4,浦添市,仲西二丁目,0,,,1042,464,578,404
47208009103,4,浦添市,仲西三丁目,0,,,1401,641,760,566
472080111,3,浦添市,勢理客,0,,,4304,2174,2130,1936
47208011101,4,浦添市,勢理客一丁目,0,,,1742,887,855,777
47208011102,4,浦添市,勢理客二丁目,0,,,1832,929,903,806
47208011103,4,浦添市,勢理客三丁目,0,,,676,328,348,324
47208011104,4,浦添市,勢理客四丁目,0,,,54,30,24,29
472080112,2,浦添市,字小湾,0,,,-,-,-,-
472080113,2,浦添市,伊奈武瀬,0,,,1,1,-,1
472080121,3,浦添市,内間,0,,,9741,4715,5026,4082
47208012101,4,浦添市,内間一丁目,0,,,1202,592,610,492
47208012102,4,浦添市,内間二丁目,0,,,2437,1151,1286,1021
47208012103,4,浦添市,内間三丁目,0,,,1886,912,974,823
47208012104,4,浦添市,内間四丁目,0,,,2459,1190,1269,1030
47208012105,4,浦添市,内間五丁目,0,,,1757,870,887,716
472080131,3,浦添市,沢岻,0,,,3675,1776,1899,1374
47208013101,4,浦添市,沢岻一丁目,0,,,2370,1159,1211,862
47208013102,4,浦添市,沢岻二丁目,0,,,1305,617,688,512
472080132,2,浦添市,字沢岻,0,,,1120,539,581,394
472080141,2,浦添市,経塚,0,,,1110,537,573,385
472080142,2,浦添市,字経塚,0,,,5171,2510,2661,1909
472080151,3,浦添市,前田,0,,,4689,2327,2362,1872
47208015101,4,浦添市,前田一丁目,0,,,2528,1257,1271,971
47208015102,4,浦添市,前田二丁目,0,,,754,359,395,334
47208015103,4,浦添市,前田三丁目,0,,,636,333,303,261
47208015104,4,浦添市,前田四丁目,0,,,771,378,393,306
472080152,2,浦添市,字前田,0,,,3119,1468,1651,1132
472080161,3,浦添市,西原,0,,,10041,5000,5041,4034
47208016101,4,浦添市,西原一丁目,0,,,2067,1053,1014,907
47208016102,4,浦添市,西原二丁目,0,,,1072,565,507,523
47208016103,4,浦添市,西原三丁目,0,,,631,307,324,244
47208016104,4,浦添市,西原四丁目,0,,,1881,911,970,739
47208016105,4,浦添市,西原五丁目,0,,,2849,1399,1450,1042
47208016106,4,浦添市,西原六丁目,0,,,1541,765,776,579
472080171,3,浦添市,当山,0,,,3231,1609,1622,1265
47208017101,4,浦添市,当山一丁目,0,,,763,383,380,296
47208017102,4,浦添市,当山二丁目,0,,,2398,1190,1208,941
47208017103,4,浦添市,当山三丁目,0,,,70,36,34,28
472080181,3,浦添市,大平,0,,,4778,2290,2488,2022
47208018101,4,浦添市,大平一丁目,0,,,2057,978,1079,927
47208018102,4,浦添市,大平二丁目,0,,,1831,877,954,738
47208018103,4,浦添市,大平三丁目,0,,,890,435,455,357
472080182,2,浦添市,字大平,0,,,1004,493,511,444
472080190,3,浦添市,西洲,0,,,-,-,-,-
47208019001,4,浦添市,西洲一丁目,0,,,-,-,-,-
47208019002,4,浦添市,西洲二丁目,0,,,-,-,-,-
47208019003,4,浦添市,西洲三丁目,0,,,-,-,-,-
472080200,2,浦添市,,0,,,-,-,-,-
47209,1,名護市,,0,,,63554,31606,31948,28453
472090012,3,名護市,港,0,,,516,234,282,215
47209001201,4,名護市,港一丁目,0,,,299,141,158,123
47209001202,4,名護市,港二丁目,0,,,217,93,124,92
472090013,3,名護市,城,0,,,795,384,411,423
47209001301,4,名護市,城一丁目,0,,,393,197,196,199
47209001302,4,名護市,城二丁目,0,,,402,187,215,224
47209001303,4,名護市,城三丁目,0,,,-,-,-,-
472090014,3,名護市,大北,0,,,6579,3178,3401,2621
47209001401,4,名護市,大北一丁目,0,,,1060,537,523,370
47209001402,4,名護市,大北二丁目,0,,,584,298,286,247
47209001403,4,名護市,大北三丁目,0,,,2780,1311,1469,1091
47209001404,4,名護市,大北四丁目,0,,,1107,552,555,439
47209001405,4,名護市,大北五丁目,0,,,1048,480,568,474
472090020,3,名護市,東江,0,,,2921,1396,1525,1463
47209002001,4,名護市,東江一丁目,0,,,621,313,308,294
47209002002,4,名護市,東江二丁目,0,,,197,100,97,89
47209002003,4,名護市,東江三丁目,0,,,512,257,255,227
47209002004,4,名護市,東江四丁目,0,,,799,365,434,413
47209002005,4,名護市,東江五丁目,0,,,792,361,431,440
472090031,3,名護市,宮里,0,,,5149,2495,2654,2264
47209003101,4,名護市,宮里一丁目,0,,,1104,535,569,520
47209003102,4,名護市,宮里二丁目,0,,,-,-,-,-
47209003103,4,名護市,宮里三丁目,0,,,915,463,452,416
47209003104,4,名護市,宮里四丁目,0,,,497,255,242,206
47209003105,4,名護市,宮里五丁目,0,,,1269,575,694,545
47209003106,4,名護市,宮里六丁目,0,,,505,251,254,238
47209003107,4,名護市,宮里七丁目,0,,,859,416,443,339
472090032,2,名護市,字宮里,0,,,1996,936,1060,1060
472090041,3,名護市,宇茂佐の森,0,,,4438,2218,2220,2316
47209004101,4,名護市,宇茂佐の森一丁目,0,,,1101,526,575,636
47209004102,4,名護市,宇茂佐の森二丁目,0,,,1190,587,603,624
47209004103,4,名護市,宇茂佐の森三丁目,0,,,728,378,350,294
47209004104,4,名護市,宇茂佐の森四丁目,0,,,1230,627,603,664
47209004105,4,名護市,宇茂佐の森五丁目,0,,,189,100,89,98
472090042,2,名護市,字宇茂佐,0,,,4865,2390,2475,2343
472090050,2,名護市,字為又,0,,,4258,2066,2192,2332
472090060,2,名護市,字世冨慶,0,,,617,350,267,308
472090070,2,名護市,字数久田,0,,,824,444,380,320
472090080,2,名護市,字屋部,0,,,2039,990,1049,712
472090090,2,名護市,字旭川,0,,,337,172,165,110
472090100,2,名護市,字中山,0,,,376,177,199,160
472090110,3,名護市,字古我知,0,,,381,202,179,131
47209011001,4,名護市,字古我知,0,,,319,166,153,112
47209011002,4,名護市,字古我知内原区,0,,,62,36,26,19
472090120,2,名護市,字呉我,0,,,502,253,249,214
472090130,2,名護市,字我部祖河,0,,,913,457,456,361
472090140,2,名護市,字伊差川,0,,,1901,928,973,778
472090150,3,名護市,字田井等,0,,,1016,513,503,385
47209015001,4,名護市,字田井等山田区,0,,,278,137,141,116
47209015002,4,名護市,字田井等,0,,,738,376,362,269
472090160,2,名護市,字振慶名,0,,,358,180,178,131
472090170,2,名護市,字親川,0,,,846,441,405,304
472090180,2,名護市,字川上,0,,,535,295,240,212
472090190,2,名護市,字源河,0,,,452,236,216,221
472090200,3,名護市,字天仁屋,0,,,129,67,62,65
47209020001,4,名護市,字天仁屋,0,,,83,44,39,42
47209020002,4,名護市,字天仁屋底仁屋区,0,,,46,23,23,23
472090210,2,名護市,字大川,0,,,55,28,27,29
472090220,2,名護市,字大浦,0,,,103,47,56,48
472090230,2,名護市,字二見,0,,,79,40,39,38
472090240,2,名護市,字瀬嵩,0,,,241,118,123,99
472090250,2,名護市,字辺野古,0,,,1808,1073,735,614
472090260,2,名護市,字喜瀬,0,,,305,162,143,151
472090270,2,名護市,字豊原,0,,,432,223,209,208
472090280,2,名護市,字久志,0,,,491,238,253,221
472090290,2,名護市,字許田,0,,,488,240,248,220
472090300,2,名護市,字幸喜,0,,,239,124,115,111
472090310,2,名護市,字安和,0,,,594,299,295,227
472090320,2,名護市,字山入端,0,,,254,131,123,95
472090330,2,名護市,字勝山,0,,,110,59,51,51
472090340,2,名護市,字仲尾,0,,,110,61,49,58
472090350,2,名護市,字仲尾次,0,,,637,340,297,266
472090360,2,名護市,字真喜屋,0,,,521,263,258,220
472090370,2,名護市,字稲嶺,0,,,218,104,114,93
472090380,2,名護市,字三原,0,,,236,133,103,104
472090390,2,名護市,字嘉陽,0,,,76,39,37,35
472090400,2,名護市,字汀間,0,,,219,120,99,107
472090410,2,名護市,字安部,0,,,109,65,44,57
472090420,2,名護市,字運天原,0,,,223,108,115,105
472090430,2,名護市,字済井出,0,,,519,261,258,210
472090440,2,名護市,字我部,0,,,144,89,55,62
472090450,2,名護市,字饒平名,0,,,231,121,110,112
472090460,2,名護市,字屋我,0,,,139,70,69,70
472090470,2,名護市,真喜屋,0,,,-,-,-,-
472090510,3,名護市,大東,0,,,3354,1648,1706,1664
47209051001,4,名護市,大東一丁目,0,,,421,180,241,205
47209051002,4,名護市,大東二丁目,0,,,1331,646,685,662
47209051003,4,名護市,大東三丁目,0,,,1251,653,598,662
47209051004,4,名護市,大東四丁目,0,,,351,169,182,135
472090520,3,名護市,大南,0,,,2241,1118,1123,1039
47209052001,4,名護市,大南一丁目,0,,,499,246,253,254
47209052002,4,名護市,大南二丁目,0,,,815,432,383,397
47209052003,4,名護市,大南三丁目,0,,,315,149,166,139
47209052004,4,名護市,大南四丁目,0,,,612,291,321,249
472090530,3,名護市,大中,0,,,2842,1434,1408,1190
47209053001,4,名護市,大中一丁目,0,,,456,238,218,221
47209053002,4,名護市,大中二丁目,0,,,387,192,195,164
47209053003,4,名護市,大中三丁目,0,,,953,457,496,388
47209053004,4,名護市,大中四丁目,0,,,810,420,390,309
47209053005,4,名護市,大中五丁目,0,,,236,127,109,108
472090540,3,名護市,大西,0,,,3650,1779,1871,1451
47209054001,4,名護市,大西一丁目,0,,,578,290,288,244
47209054002,4,名護市,大西二丁目,0,,,357,168,189,139
47209054003,4,名護市,大西三丁目,0,,,959,469,490,342
47209054004,4,名護市,大西四丁目,0,,,894,436,458,354
47209054005,4,名護市,大西五丁目,0,,,862,416,446,372
472090550,2,名護市,字名護,0,,,143,69,74,49
47210,1,糸満市,,0,,,61007,30707,30300,23272
472100010,3,糸満市,字糸満,0,,,10026,5003,5023,4181
47210001001,4,糸満市,字糸満南区,0,,,1511,741,770,609
47210001002,4,糸満市,字糸満前端区,0,,,1101,546,555,541
47210001003,4,糸満市,字糸満新川区,0,,,2541,1276,1265,1003
47210001004,4,糸満市,字糸満新島区,0,,,942,486,456,405
47210001005,4,糸満市,字糸満新屋敷区,0,,,2174,1073,1101,843
47210001006,4,糸満市,字糸満上之平区,0,,,478,231,247,222
47210001007,4,糸満市,字糸満西区,0,,,478,243,235,199
47210001009,4,糸満市,字糸満町端区,0,,,801,407,394,359
472100020,3,糸満市,西崎,0,,,5957,3020,2937,2435
47210002001,4,糸満市,西崎一丁目,0,,,1889,986,903,716
47210002002,4,糸満市,西崎二丁目,0,,,3283,1616,1667,1283
47210002006,4,糸満市,西崎六丁目,0,,,785,418,367,436
472100030,2,糸満市,字照屋,0,,,2431,1222,1209,924
472100040,2,糸満市,字兼城,0,,,5488,2697,2791,2210
472100050,2,糸満市,字座波,0,,,2184,1119,1065,662
472100060,2,糸満市,字賀数,0,,,1945,988,957,561
472100080,2,糸満市,字武富,0,,,2686,1274,1412,1142
472100090,2,糸満市,字阿波根,0,,,3278,1675,1603,1105
472100100,3,糸満市,字潮平,0,,,5639,2808,2831,2136
47210010000,4,糸満市,字潮平,0,,,5282,2653,2629,2018
47210010001,4,糸満市,字潮平県営団地,0,,,357,155,202,118
472100110,2,糸満市,字豊原,0,,,189,99,90,75
472100120,2,糸満市,字与座,0,,,693,376,317,253
472100130,2,糸満市,字大里,0,,,1755,855,900,605
472100140,2,糸満市,字国吉,0,,,487,244,243,178
472100150,2,糸満市,字真栄里,0,,,2808,1430,1378,1198
472100160,2,糸満市,字真壁,0,,,879,481,398,353
472100170,2,糸満市,字宇江城,0,,,119,69,50,38
472100180,2,糸満市,字真栄平,0,,,955,514,441,235
472100190,2,糸満市,字新垣,0,,,279,152,127,111
472100200,2,糸満市,字伊敷,0,,,65,38,27,23
472100210,2,糸満市,字名城,0,,,318,175,143,149
472100220,2,糸満市,字小波蔵,0,,,307,122,185,75
472100230,2,糸満市,字糸洲,0,,,225,108,117,85
472100240,2,糸満市,字南波平,0,,,147,74,73,64
472100250,2,糸満市,字喜屋武,0,,,918,483,435,371
472100260,3,糸満市,字束里,0,,,80,39,41,35
47210026000,4,糸満市,字束里旧束辺名区,0,,,33,19,14,16
47210026001,4,糸満市,字束里旧上里区,0,,,47,20,27,19
472100280,2,糸満市,字福地,0,,,167,80,87,67
472100290,2,糸満市,字山城,0,,,85,45,40,39
472100300,2,糸満市,字伊原,0,,,186,92,94,75
472100310,2,糸満市,字米須,0,,,1093,556,537,397
472100320,2,糸満市,字大度,0,,,809,437,372,208
472100330,2,糸満市,字摩文仁,0,,,340,177,163,98
472100340,3,糸満市,潮崎町,0,,,1834,915,919,551
47210034001,4,糸満市,潮崎町一丁目,0,,,-,-,-,-
47210034002,4,糸満市,潮崎町二丁目,0,,,282,128,154,82
47210034003,4,糸満市,潮崎町三丁目,0,,,912,464,448,278
47210034004,4,糸満市,潮崎町四丁目,0,,,640,323,317,191
472100350,2,糸満市,字北波平,0,,,507,262,245,192
472100360,3,糸満市,西崎町,0,,,4216,2102,2114,1620
47210036001,4,糸満市,西崎町一丁目,0,,,-,-,-,-
47210036002,4,糸満市,西崎町二丁目,0,,,3,2,1,1
47210036003,4,糸満市,西崎町三丁目,0,,,4136,2060,2076,1590
47210036004,4,糸満市,西崎町四丁目,0,,,57,31,26,20
47210036005,4,糸満市,西崎町五丁目,0,,,20,9,11,9
472100370,2,糸満市,西川町,0,,,1912,976,936,821
47211,1,沖縄市,,0,,,142752,69489,73263,60570
472110010,3,沖縄市,越来,0,,,2127,1038,1089,952
47211001001,4,沖縄市,越来一丁目,0,,,664,330,334,343
47211001002,4,沖縄市,越来二丁目,0,,,824,410,414,327
47211001003,4,沖縄市,越来三丁目,0,,,639,298,341,282
472110020,2,沖縄市,城前町,0,,,607,302,305,297
472110030,3,沖縄市,照屋,0,,,4294,2135,2159,2106
47211003001,4,沖縄市,照屋一丁目,0,,,946,468,478,528
47211003002,4,沖縄市,照屋二丁目,0,,,735,368,367,351
47211003003,4,沖縄市,照屋三丁目,0,,,977,497,480,484
47211003004,4,沖縄市,照屋四丁目,0,,,811,393,418,383
47211003005,4,沖縄市,照屋五丁目,0,,,825,409,416,360
472110040,3,沖縄市,安慶田,0,,,4542,2219,2323,1983
47211004001,4,沖縄市,安慶田一丁目,0,,,1569,773,796,741
47211004002,4,沖縄市,安慶田二丁目,0,,,805,387,418,374
47211004003,4,沖縄市,安慶田三丁目,0,,,527,265,262,253
47211004004,4,沖縄市,安慶田四丁目,0,,,1186,580,606,426
47211004005,4,沖縄市,安慶田五丁目,0,,,455,214,241,189
472110050,3,沖縄市,室川,0,,,2150,1002,1148,1089
47211005001,4,沖縄市,室川一丁目,0,,,1049,462,587,545
47211005002,4,沖縄市,室川二丁目,0,,,1101,540,561,544
472110060,3,沖縄市,住吉,0,,,1592,776,816,783
47211006001,4,沖縄市,住吉一丁目,0,,,658,312,346,328
47211006002,4,沖縄市,住吉二丁目,0,,,934,464,470,455
472110070,3,沖縄市,嘉間良,0,,,1442,732,710,652
47211007001,4,沖縄市,嘉間良一丁目,0,,,907,463,444,416
47211007002,4,沖縄市,嘉間良二丁目,0,,,416,213,203,188
47211007003,4,沖縄市,嘉間良三丁目,0,,,119,56,63,48
472110080,3,沖縄市,八重島,0,,,710,327,383,258
47211008001,4,沖縄市,八重島一丁目,0,,,80,38,42,34
47211008002,4,沖縄市,八重島二丁目,0,,,514,229,285,188
47211008003,4,沖縄市,八重島三丁目,0,,,116,60,56,36
472110090,3,沖縄市,中央,0,,,2507,1262,1245,1489
47211009001,4,沖縄市,中央一丁目,0,,,712,350,362,406
47211009002,4,沖縄市,中央二丁目,0,,,637,322,315,354
47211009003,4,沖縄市,中央三丁目,0,,,838,418,420,540
47211009004,4,沖縄市,中央四丁目,0,,,320,172,148,189
472110100,2,沖縄市,仲宗根町,0,,,878,409,469,439
472110110,3,沖縄市,胡屋,0,,,5839,2712,3127,2468
47211011001,4,沖縄市,胡屋一丁目,0,,,655,308,347,302
47211011002,4,沖縄市,胡屋二丁目,0,,,586,283,303,257
47211011003,4,沖縄市,胡屋三丁目,0,,,1200,592,608,526
47211011004,4,沖縄市,胡屋四丁目,0,,,1075,493,582,462
47211011005,4,沖縄市,胡屋五丁目,0,,,757,378,379,313
47211011006,4,沖縄市,胡屋六丁目,0,,,885,384,501,352
47211011007,4,沖縄市,胡屋七丁目,0,,,681,274,407,256
472110120,3,沖縄市,上地,0,,,3909,1926,1983,1951
47211012001,4,沖縄市,上地一丁目,0,,,1106,545,561,598
47211012002,4,沖縄市,上地二丁目,0,,,731,347,384,363
47211012003,4,沖縄市,上地三丁目,0,,,1034,518,516,493
47211012004,4,沖縄市,上地四丁目,0,,,1038,516,522,497
472110130,3,沖縄市,園田,0,,,2461,1186,1275,1194
47211013001,4,沖縄市,園田一丁目,0,,,709,341,368,347
47211013002,4,沖縄市,園田二丁目,0,,,925,440,485,405
47211013003,4,沖縄市,園田三丁目,0,,,827,405,422,442
472110140,3,沖縄市,諸見里,0,,,3908,1865,2043,1734
47211014001,4,沖縄市,諸見里一丁目,0,,,1481,719,762,675
47211014002,4,沖縄市,諸見里二丁目,0,,,738,363,375,309
47211014003,4,沖縄市,諸見里三丁目,0,,,1689,783,906,750
472110151,3,沖縄市,山内,0,,,4448,2186,2262,1796
47211015101,4,沖縄市,山内一丁目,0,,,395,187,208,160
47211015102,4,沖縄市,山内二丁目,0,,,2239,1113,1126,873
47211015103,4,沖縄市,山内三丁目,0,,,966,480,486,406
47211015104,4,沖縄市,山内四丁目,0,,,848,406,442,357
472110152,2,沖縄市,字山内,0,,,2,1,1,2
472110161,3,沖縄市,山里,0,,,2308,1081,1227,1084
47211016101,4,沖縄市,山里一丁目,0,,,936,466,470,434
47211016102,4,沖縄市,山里二丁目,0,,,981,429,552,489
47211016103,4,沖縄市,山里三丁目,0,,,391,186,205,161
472110162,2,沖縄市,字山里,0,,,-,-,-,-
472110170,3,沖縄市,久保田,0,,,2146,1051,1095,1014
47211017001,4,沖縄市,久保田一丁目,0,,,904,442,462,415
47211017002,4,沖縄市,久保田二丁目,0,,,952,456,496,422
47211017003,4,沖縄市,久保田三丁目,0,,,290,153,137,177
472110180,3,沖縄市,南桃原,0,,,4261,2038,2223,1705
47211018001,4,沖縄市,南桃原一丁目,0,,,577,277,300,286
47211018002,4,沖縄市,南桃原二丁目,0,,,568,275,293,252
47211018003,4,沖縄市,南桃原三丁目,0,,,1565,735,830,606
47211018004,4,沖縄市,南桃原四丁目,0,,,1551,751,800,561
472110191,3,沖縄市,美里,0,,,5725,2784,2941,2526
47211019101,4,沖縄市,美里一丁目,0,,,949,496,453,545
47211019102,4,沖縄市,美里二丁目,0,,,697,335,362,255
47211019103,4,沖縄市,美里三丁目,0,,,811,381,430,339
47211019104,4,沖縄市,美里四丁目,0,,,604,289,315,240
47211019105,4,沖縄市,美里五丁目,0,,,1775,851,924,728
47211019106,4,沖縄市,美里六丁目,0,,,889,432,457,419
472110192,2,沖縄市,字美里,0,,,32,13,19,13
472110200,3,沖縄市,宮里,0,,,6119,3009,3110,2403
47211020001,4,沖縄市,宮里一丁目,0,,,932,474,458,425
47211020002,4,沖縄市,宮里二丁目,0,,,1380,676,704,510
47211020003,4,沖縄市,宮里三丁目,0,,,1903,911,992,808
47211020004,4,沖縄市,宮里四丁目,0,,,1904,948,956,660
472110211,3,沖縄市,松本,0,,,4713,2338,2375,1890
47211021101,4,沖縄市,松本一丁目,0,,,1467,696,771,522
47211021102,4,沖縄市,松本二丁目,0,,,683,344,339,275
47211021103,4,沖縄市,松本三丁目,0,,,724,370,354,279
47211021104,4,沖縄市,松本四丁目,0,,,621,312,309,222
47211021105,4,沖縄市,松本五丁目,0,,,696,334,362,348
47211021106,4,沖縄市,松本六丁目,0,,,360,199,161,169
47211021107,4,沖縄市,松本七丁目,0,,,162,83,79,75
472110212,2,沖縄市,字松本,0,,,1182,567,615,447
472110221,3,沖縄市,知花,0,,,5229,2606,2623,2225
47211022101,4,沖縄市,知花一丁目,0,,,927,462,465,414
47211022102,4,沖縄市,知花二丁目,0,,,678,324,354,291
47211022103,4,沖縄市,知花三丁目,0,,,135,74,61,54
47211022104,4,沖縄市,知花四丁目,0,,,709,336,373,354
47211022105,4,沖縄市,知花五丁目,0,,,1263,641,622,481
47211022106,4,沖縄市,知花六丁目,0,,,1517,769,748,631
472110222,2,沖縄市,字知花,0,,,-,-,-,-
472110231,3,沖縄市,登川,0,,,3826,1865,1961,1537
47211023101,4,沖縄市,登川一丁目,0,,,1469,701,768,552
47211023102,4,沖縄市,登川二丁目,0,,,1415,683,732,573
47211023103,4,沖縄市,登川三丁目,0,,,942,481,461,412
472110232,2,沖縄市,字登川,0,,,1792,906,886,714
472110241,3,沖縄市,池原,0,,,2763,1332,1431,1057
47211024101,4,沖縄市,池原一丁目,0,,,610,305,305,239
47211024102,4,沖縄市,池原二丁目,0,,,728,341,387,251
47211024103,4,沖縄市,池原三丁目,0,,,750,347,403,297
47211024104,4,沖縄市,池原四丁目,0,,,204,111,93,73
47211024105,4,沖縄市,池原五丁目,0,,,471,228,243,197
472110242,2,沖縄市,字池原,0,,,130,107,23,4
472110250,3,沖縄市,古謝,0,,,4030,2010,2020,1644
47211025001,4,沖縄市,古謝一丁目,0,,,612,319,293,266
47211025002,4,沖縄市,古謝二丁目,0,,,2531,1253,1278,1012
47211025003,4,沖縄市,古謝三丁目,0,,,887,438,449,366
472110271,3,沖縄市,大里,0,,,2434,1196,1238,1019
47211027101,4,沖縄市,大里一丁目,0,,,1301,626,675,519
47211027102,4,沖縄市,大里二丁目,0,,,1133,570,563,500
472110272,2,沖縄市,字大里,0,,,1386,679,707,558
472110281,3,沖縄市,桃原,0,,,2278,1107,1171,898
47211028101,4,沖縄市,桃原一丁目,0,,,716,348,368,307
47211028102,4,沖縄市,桃原二丁目,0,,,607,289,318,239
47211028103,4,沖縄市,桃原三丁目,0,,,955,470,485,352
472110282,2,沖縄市,字桃原,0,,,2150,1024,1126,812
472110291,3,沖縄市,比屋根,0,,,7363,3559,3804,3117
47211029101,4,沖縄市,比屋根一丁目,0,,,973,446,527,422
47211029102,4,沖縄市,比屋根二丁目,0,,,1565,720,845,590
47211029103,4,沖縄市,比屋根三丁目,0,,,1130,563,567,485
47211029104,4,沖縄市,比屋根四丁目,0,,,1201,593,608,530
47211029105,4,沖縄市,比屋根五丁目,0,,,120,69,51,15
47211029106,4,沖縄市,比屋根六丁目,0,,,1852,917,935,811
47211029107,4,沖縄市,比屋根七丁目,0,,,522,251,271,264
472110292,2,沖縄市,字比屋根,0,,,-,-,-,-
472110300,3,沖縄市,与儀,0,,,4121,1886,2235,1726
47211030001,4,沖縄市,与儀一丁目,0,,,2029,972,1057,836
47211030002,4,沖縄市,与儀二丁目,0,,,280,133,147,122
47211030003,4,沖縄市,与儀三丁目,0,,,1812,781,1031,768
472110311,3,沖縄市,泡瀬,0,,,11768,5785,5983,4828
47211031101,4,沖縄市,泡瀬一丁目,0,,,1709,855,854,739
47211031102,4,沖縄市,泡瀬二丁目,0,,,2651,1310,1341,1060
47211031103,4,沖縄市,泡瀬三丁目,0,,,2471,1195,1276,1038
47211031104,4,沖縄市,泡瀬四丁目,0,,,2440,1190,1250,974
47211031105,4,沖縄市,泡瀬五丁目,0,,,1477,728,749,616
47211031106,4,沖縄市,泡瀬六丁目,0,,,1020,507,513,401
472110312,2,沖縄市,字泡瀬,0,,,-,-,-,-
472110320,3,沖縄市,東,0,,,2805,1354,1451,1144
47211032001,4,沖縄市,東一丁目,0,,,1715,832,883,742
47211032002,4,沖縄市,東二丁目,0,,,1090,522,568,402
472110330,2,沖縄市,明道,0,,,904,462,442,364
472110340,2,沖縄市,字白川,0,,,20,18,2,1
472110350,2,沖縄市,字倉敷,0,,,-,-,-,-
472110380,2,沖縄市,水面調査区、中城湾港湾,0,,,-,-,-,-
472110391,3,沖縄市,海邦,0,,,2712,1356,1356,1067
47211039101,4,沖縄市,海邦一丁目,0,,,1405,701,704,555
47211039102,4,沖縄市,海邦二丁目,0,,,1307,655,652,512
472110392,2,沖縄市,海邦町,0,,,-,-,-,-
472110400,3,沖縄市,高原,0,,,8361,4019,4342,3482
47211040001,4,沖縄市,高原一丁目,0,,,1058,484,574,495
47211040002,4,沖縄市,高原二丁目,0,,,870,414,456,428
47211040003,4,沖縄市,高原三丁目,0,,,641,324,317,281
47211040004,4,沖縄市,高原四丁目,0,,,1520,742,778,626
47211040005,4,沖縄市,高原五丁目,0,,,968,452,516,363
47211040006,4,沖縄市,高原六丁目,0,,,1086,545,541,412
47211040007,4,沖縄市,高原七丁目,0,,,2218,1058,1160,877
472110410,2,沖縄市,美里仲原町,0,,,1888,922,966,686
472110420,3,沖縄市,美原,0,,,5491,2659,2832,2159
47211042001,4,沖縄市,美原一丁目,0,,,1492,691,801,552
47211042002,4,沖縄市,美原二丁目,0,,,1593,779,814,652
47211042003,4,沖縄市,美原三丁目,0,,,979,498,481,398
47211042004,4,沖縄市,美原四丁目,0,,,1427,691,736,557
472110430,2,沖縄市,古謝津嘉山町,0,,,3399,1678,1721,1253
472110440,2,沖縄市,潮乃森,0,,,-,-,-,-
47212,1,豊見城市,,0,,,64612,31465,33147,24580
472120010,2,豊見城市,字豊見城,0,,,6824,3293,3531,2744
472120021,2,豊見城市,字宜保,0,,,1114,543,571,453
472120022,3,豊見城市,宜保,0,,,4577,2203,2374,1696
47212002201,4,豊見城市,宜保一丁目,0,,,1115,525,590,401
47212002202,4,豊見城市,宜保二丁目,0,,,1562,765,797,610
47212002203,4,豊見城市,宜保三丁目,0,,,922,433,489,338
47212002204,4,豊見城市,宜保四丁目,0,,,702,346,356,246
47212002205,4,豊見城市,宜保五丁目,0,,,276,134,142,101
472120030,2,豊見城市,字我那覇,0,,,3448,1702,1746,1399
472120040,2,豊見城市,字名嘉地,0,,,1683,875,808,748
472120050,2,豊見城市,字田頭,0,,,274,140,134,128
472120060,2,豊見城市,字瀬長,0,,,252,132,120,84
472120070,2,豊見城市,字与根,0,,,1904,994,910,685
472120080,2,豊見城市,字伊良波,0,,,1249,611,638,497
472120090,2,豊見城市,字座安,0,,,1225,608,617,432
472120100,2,豊見城市,字渡橋名,0,,,1522,711,811,561
472120110,2,豊見城市,字上田,0,,,4810,2324,2486,1773
472120120,2,豊見城市,字渡嘉敷,0,,,918,420,498,207
472120130,2,豊見城市,字翁長,0,,,2656,1295,1361,954
472120140,2,豊見城市,字保栄茂,0,,,1178,576,602,453
472120150,2,豊見城市,字高嶺,0,,,3954,1859,2095,1374
472120160,2,豊見城市,字平良,0,,,2923,1360,1563,1153
472120170,2,豊見城市,字高安,0,,,4420,2197,2223,1728
472120180,2,豊見城市,字饒波,0,,,1249,621,628,432
472120190,2,豊見城市,字金良,0,,,1103,508,595,375
472120200,2,豊見城市,字長堂,0,,,1231,582,649,471
472120210,2,豊見城市,字嘉数,0,,,3010,1505,1505,1151
472120220,2,豊見城市,字真玉橋,0,,,4421,2149,2272,1842
472120230,2,豊見城市,字根差部,0,,,3356,1671,1685,1312
472120240,2,豊見城市,豊崎,0,,,5311,2586,2725,1928
47213,1,うるま市,,0,,,125303,63049,62254,48163
472130010,2,うるま市,字具志川,0,,,4735,2312,2423,1725
472130020,2,うるま市,字田場,0,,,5694,2795,2899,2056
472130030,2,うるま市,字赤野,0,,,2064,1054,1010,771
472130040,2,うるま市,字宇堅,0,,,1259,654,605,460
472130050,2,うるま市,字天願,0,,,1286,638,648,454
472130060,2,うるま市,字昆布,0,,,1970,993,977,629
472130070,2,うるま市,字栄野比,0,,,2391,1199,1192,767
472130080,2,うるま市,字川崎,0,,,2082,1036,1046,765
472130090,2,うるま市,字西原,0,,,2900,1471,1429,1054
472130101,2,うるま市,字安慶名,0,,,496,243,253,185
472130102,3,うるま市,安慶名,0,,,2746,1355,1391,1150
47213010201,4,うるま市,安慶名一丁目,0,,,534,229,305,203
47213010202,4,うるま市,安慶名二丁目,0,,,857,445,412,351
47213010203,4,うるま市,安慶名三丁目,0,,,1355,681,674,596
472130110,2,うるま市,字平良川,0,,,1620,822,798,631
472130120,2,うるま市,字喜屋武,0,,,3390,1669,1721,1247
472130130,2,うるま市,字仲嶺,0,,,1219,590,629,454
472130140,2,うるま市,字兼箇段,0,,,3904,1950,1954,1460
472130150,2,うるま市,字赤道,0,,,7089,3468,3621,2953
472130160,2,うるま市,字江洲,0,,,4457,2186,2271,1699
472130170,2,うるま市,字宮里,0,,,3792,1869,1923,1682
472130180,2,うるま市,字上江洲,0,,,2383,1241,1142,804
472130190,2,うるま市,字大田,0,,,1592,818,774,652
472130200,2,うるま市,字川田,0,,,1025,507,518,383
472130210,2,うるま市,字塩屋,0,,,2026,1058,968,762
472130220,2,うるま市,字豊原,0,,,1553,791,762,571
472130230,2,うるま市,字高江洲,0,,,4436,2138,2298,1694
472130240,2,うるま市,字前原,0,,,1689,864,825,672
472130250,2,うるま市,金武湾（重要港湾）,0,,,-,-,-,-
472130260,2,うるま市,字州崎,0,,,-,-,-,-
472130270,3,うるま市,みどり町,0,,,6858,3385,3473,2661
47213027001,4,うるま市,みどり町一丁目,0,,,755,364,391,278
47213027002,4,うるま市,みどり町二丁目,0,,,1547,760,787,547
47213027003,4,うるま市,みどり町三丁目,0,,,1392,704,688,545
47213027004,4,うるま市,みどり町四丁目,0,,,1079,514,565,431
47213027005,4,うるま市,みどり町五丁目,0,,,1413,719,694,613
47213027006,4,うるま市,みどり町六丁目,0,,,672,324,348,247
472130280,2,うるま市,中城湾（重要港湾）,0,,,-,-,-,-
472130290,3,うるま市,喜仲,0,,,2656,1311,1345,1022
47213029001,4,うるま市,喜仲一丁目,0,,,536,264,272,208
47213029002,4,うるま市,喜仲二丁目,0,,,961,472,489,385
47213029003,4,うるま市,喜仲三丁目,0,,,722,359,363,281
47213029004,4,うるま市,喜仲四丁目,0,,,437,216,221,148
472130301,3,うるま市,石川石崎,0,,,-,-,-,-
47213030101,4,うるま市,石川石崎一丁目,0,,,-,-,-,-
47213030102,4,うるま市,石川石崎二丁目,0,,,-,-,-,-
472130302,3,うるま市,石川白浜,0,,,772,398,374,359
47213030201,4,うるま市,石川白浜一丁目,0,,,434,229,205,202
47213030202,4,うるま市,石川白浜二丁目,0,,,338,169,169,157
472130303,3,うるま市,石川東山本町,0,,,1441,755,686,659
47213030301,4,うるま市,石川東山本町一丁目,0,,,685,369,316,306
47213030302,4,うるま市,石川東山本町二丁目,0,,,756,386,370,353
472130304,3,うるま市,石川曙,0,,,2440,1226,1214,1014
47213030401,4,うるま市,石川曙一丁目,0,,,125,62,63,61
47213030402,4,うるま市,石川曙二丁目,0,,,1403,685,718,558
47213030403,4,うるま市,石川曙三丁目,0,,,912,479,433,395
472130305,3,うるま市,石川,0,,,2967,1489,1478,1177
47213030500,4,うるま市,石川,0,,,279,132,147,98
47213030501,4,うるま市,石川,0,,,524,241,283,205
47213030502,4,うるま市,石川,0,,,352,179,173,169
47213030503,4,うるま市,石川,0,,,1328,684,644,532
47213030506,4,うるま市,石川宮前区,0,,,257,130,127,114
47213030507,4,うるま市,石川東山区,0,,,227,123,104,59
472130306,3,うるま市,石川,0,,,3176,1610,1566,1427
47213030601,4,うるま市,石川一丁目,0,,,1773,906,867,818
47213030602,4,うるま市,石川二丁目,0,,,1403,704,699,609
472130310,3,うるま市,石川伊波,0,,,3150,1540,1610,1229
47213031000,4,うるま市,石川伊波嘉手苅区,0,,,278,122,156,100
47213031001,4,うるま市,石川伊波城北区,0,,,128,67,61,51
47213031002,4,うるま市,石川伊波伊波区,0,,,1707,850,857,662
47213031003,4,うるま市,石川伊波前原区,0,,,993,477,516,401
47213031004,4,うるま市,石川伊波山城区,0,,,44,24,20,15
472130320,3,うるま市,石川東恩納,0,,,4573,2305,2268,1793
47213032001,4,うるま市,石川東恩納曙区,0,,,362,190,172,125
47213032002,4,うるま市,石川東恩納前原区,0,,,2122,1057,1065,821
47213032003,4,うるま市,石川東恩納東恩納区,0,,,1349,680,669,557
47213032004,4,うるま市,石川東恩納美原区,0,,,740,378,362,290
472130330,3,うるま市,石川山城,0,,,1672,857,815,650
47213033001,4,うるま市,石川山城伊波区,0,,,549,270,279,207
47213033002,4,うるま市,石川山城山城区,0,,,830,445,385,349
47213033003,4,うるま市,石川山城前原区,0,,,293,142,151,94
472130340,2,うるま市,石川嘉手苅,0,,,578,270,308,211
472130350,3,うるま市,石川東山,0,,,2199,1051,1148,877
47213035001,4,うるま市,石川東山一丁目,0,,,1124,532,592,434
47213035002,4,うるま市,石川東山二丁目,0,,,1075,519,556,443
472130360,3,うるま市,石川赤崎,0,,,786,400,386,379
47213036001,4,うるま市,石川赤崎一丁目,0,,,209,113,96,114
47213036002,4,うるま市,石川赤崎二丁目,0,,,577,287,290,265
47213036003,4,うるま市,石川赤崎三丁目,0,,,-,-,-,-
472130370,2,うるま市,石川楚南,0,,,115,59,56,43
472130380,2,うるま市,与那城照間,0,,,1308,679,629,468
472130390,2,うるま市,与那城西原,0,,,1379,667,712,521
472130400,2,うるま市,与那城,0,,,1465,759,706,535
472130410,2,うるま市,与那城饒辺,0,,,1479,749,730,568
472130411,2,うるま市,与那城安勢理,0,,,153,84,69,60
472130420,2,うるま市,与那城屋慶名,0,,,3628,1895,1733,1384
472130430,2,うるま市,与那城平安座,0,,,1129,607,522,458
472130440,2,うるま市,与那城桃原,0,,,203,114,89,104
472130450,2,うるま市,与那城上原,0,,,214,128,86,128
472130460,2,うるま市,与那城宮城,0,,,146,84,62,85
472130470,2,うるま市,与那城池味,0,,,94,55,39,49
472130480,2,うるま市,与那城伊計,0,,,253,147,106,133
472130500,2,うるま市,与那城中央,0,,,-,-,-,-
472130510,2,うるま市,勝連南風原,0,,,3693,1846,1847,1241
472130520,2,うるま市,勝連平安名,0,,,3852,1999,1853,1409
472130530,2,うるま市,勝連内間,0,,,1092,570,522,357
472130540,2,うるま市,勝連平敷屋,0,,,3284,1839,1445,1081
472130550,2,うるま市,勝連津堅,0,,,377,230,147,202
472130560,2,うるま市,勝連浜,0,,,202,119,83,99
472130570,2,うるま市,勝連比嘉,0,,,171,101,70,100
47214,1,宮古島市,,0,,,52931,26481,26450,24235
472140010,2,宮古島市,平良字下里,0,,,10862,5288,5574,5103
472140020,2,宮古島市,平良字西里,0,,,6571,3241,3330,3029
472140030,2,宮古島市,平良字東仲宗根,0,,,6789,3319,3470,3092
472140040,2,宮古島市,平良字西仲宗根,0,,,3377,1687,1690,1391
472140050,2,宮古島市,平良字荷川取,0,,,1201,617,584,616
472140060,2,宮古島市,平良字久貝,0,,,3606,1847,1759,1778
472140070,2,宮古島市,平良字松原,0,,,1404,695,709,677
472140080,2,宮古島市,平良字東仲宗根添,0,,,837,410,427,274
472140090,2,宮古島市,平良字西原,0,,,674,355,319,325
472140100,2,宮古島市,平良字大浦,0,,,130,68,62,66
472140110,2,宮古島市,平良字島尻,0,,,317,161,156,177
472140120,2,宮古島市,平良字狩俣,0,,,543,285,258,245
472140140,2,宮古島市,平良字池間,0,,,223,125,98,125
472140150,2,宮古島市,平良字前里,0,,,288,154,134,163
472140160,2,宮古島市,,0,,,-,-,-,-
472140170,2,宮古島市,平良字大神,0,,,23,14,9,16
472140180,2,宮古島市,城辺字福里,0,,,974,506,468,448
472140190,2,宮古島市,城辺字西里添,0,,,758,404,354,326
472140200,2,宮古島市,城辺字保良,0,,,414,227,187,230
472140210,2,宮古島市,城辺字友利,0,,,481,240,241,239
472140220,2,宮古島市,城辺字砂川,0,,,493,241,252,204
472140230,2,宮古島市,城辺字下里添,0,,,432,222,210,193
472140240,2,宮古島市,城辺字長間,0,,,582,306,276,264
472140250,2,宮古島市,城辺字比嘉,0,,,440,238,202,213
472140260,2,宮古島市,城辺字新城,0,,,333,188,145,176
472140270,2,宮古島市,下地字与那覇,0,,,625,301,324,308
472140280,2,宮古島市,下地字上地,0,,,819,386,433,318
472140290,2,宮古島市,下地字洲鎌,0,,,291,142,149,144
472140300,2,宮古島市,下地字嘉手苅,0,,,355,137,218,107
472140310,2,宮古島市,下地字川満,0,,,647,316,331,275
472140320,2,宮古島市,下地字来間,0,,,139,63,76,75
472140330,2,宮古島市,上野字上野,0,,,395,182,213,163
472140340,2,宮古島市,上野字野原,0,,,1653,1008,645,546
472140350,2,宮古島市,上野字新里,0,,,864,406,458,430
472140360,2,宮古島市,上野字宮国,0,,,809,413,396,452
472140370,2,宮古島市,伊良部字伊良部,0,,,356,193,163,155
472140380,2,宮古島市,伊良部字仲地,0,,,370,189,181,159
472140390,2,宮古島市,伊良部字国仲,0,,,528,266,262,242
472140400,2,宮古島市,伊良部字長浜,0,,,525,242,283,243
472140410,2,宮古島市,伊良部字佐和田,0,,,424,214,210,184
472140420,2,宮古島市,伊良部字池間添,0,,,917,471,446,411
472140430,2,宮古島市,伊良部字前里添,0,,,1462,714,748,653
47215,1,南城市,,0,,,44043,22164,21879,15895
472150010,2,南城市,玉城字親慶原,0,,,1078,530,548,420
472150020,2,南城市,玉城字垣花,0,,,360,189,171,133
472150030,2,南城市,玉城字仲村渠,0,,,380,204,176,161
472150040,2,南城市,玉城字百名,0,,,985,483,502,393
472150050,2,南城市,玉城字玉城,0,,,201,105,96,79
472150060,2,南城市,玉城字中山,0,,,211,104,107,83
472150070,2,南城市,玉城字奥武,0,,,740,382,358,276
472150080,2,南城市,玉城字志堅原,0,,,502,256,246,183
472150090,2,南城市,玉城字富里,0,,,470,224,246,164
472150100,2,南城市,玉城字當山,0,,,462,222,240,168
472150110,2,南城市,玉城字屋嘉部,0,,,663,337,326,213
472150120,2,南城市,玉城字糸数,0,,,489,247,242,180
472150130,2,南城市,玉城字喜良原,0,,,403,194,209,120
472150140,2,南城市,玉城字船越,0,,,2101,1047,1054,691
472150150,2,南城市,玉城字愛地,0,,,1044,493,551,355
472150160,2,南城市,玉城字前川,0,,,1120,586,534,407
472150170,2,南城市,玉城字堀川,0,,,692,357,335,258
472150180,2,南城市,知念字志喜屋,0,,,550,297,253,216
472150190,2,南城市,知念字山里,0,,,188,97,91,77
472150200,2,南城市,知念字具志堅,0,,,548,431,117,114
472150210,2,南城市,知念字知念,0,,,662,342,320,237
472150220,2,南城市,知念字吉富,0,,,119,65,54,53
472150230,2,南城市,知念字久手堅,0,,,432,203,229,139
472150240,2,南城市,知念字安座真,0,,,517,271,246,212
472150250,2,南城市,知念字知名,0,,,651,316,335,260
472150260,2,南城市,知念字海野,0,,,304,153,151,122
472150270,2,南城市,知念字久原,0,,,504,262,242,174
472150280,2,南城市,知念字久高,0,,,191,94,97,110
472150290,2,南城市,,0,,,-,-,-,-
472150300,2,南城市,佐敷字津波古,0,,,4004,1935,2069,1529
472150310,2,南城市,佐敷字小谷,0,,,346,160,186,110
472150320,2,南城市,佐敷字新里,0,,,995,485,510,347
472150330,2,南城市,佐敷字兼久,0,,,524,267,257,191
472150340,2,南城市,佐敷字佐敷,0,,,870,499,371,265
472150350,2,南城市,佐敷字手登根,0,,,801,415,386,291
472150360,2,南城市,佐敷字伊原,0,,,219,111,108,90
472150370,2,南城市,佐敷字屋比久,0,,,464,236,228,187
472150380,2,南城市,佐敷字仲伊保,0,,,626,313,313,235
472150390,2,南城市,佐敷字冨祖崎,0,,,386,202,184,146
472150400,2,南城市,佐敷字新開,0,,,1739,857,882,713
472150410,2,南城市,,0,,,-,-,-,-
472150420,3,南城市,大里字大里,0,,,578,302,276,198
47215042001,4,南城市,大里字大里西原,0,,,119,63,56,45
47215042002,4,南城市,大里字大里南風原,0,,,320,166,154,109
47215042003,4,南城市,大里字大里平良,0,,,139,73,66,44
472150430,3,南城市,大里字嶺井,0,,,975,497,478,362
47215043001,4,南城市,大里字嶺井嶺井,0,,,690,345,345,250
47215043002,4,南城市,大里字嶺井嶺井団地,0,,,285,152,133,112
472150440,3,南城市,大里字古堅,0,,,2112,1079,1033,745
47215044001,4,南城市,大里字古堅古堅,0,,,280,140,140,112
47215044002,4,南城市,大里字古堅福原,0,,,671,339,332,238
47215044003,4,南城市,大里字古堅島袋,0,,,1161,600,561,395
472150450,3,南城市,大里字仲間,0,,,2523,1225,1298,916
47215045001,4,南城市,大里字仲間当間,0,,,651,330,321,223
47215045002,4,南城市,大里字仲間大里団地,0,,,270,115,155,118
47215045003,4,南城市,大里字仲間仲程,0,,,1046,512,534,395
47215045004,4,南城市,大里字仲間銭又,0,,,77,39,38,24
47215045005,4,南城市,大里字仲間グリーンタウン,0,,,163,87,76,55
47215045006,4,南城市,大里字仲間大里ニュータウン,0,,,316,142,174,101
472150460,3,南城市,大里字高平,0,,,1038,525,513,345
47215046001,4,南城市,大里字高平高宮城,0,,,368,192,176,121
47215046002,4,南城市,大里字高平銭又,0,,,69,37,32,26
47215046003,4,南城市,大里字高平平川,0,,,482,237,245,164
47215046004,4,南城市,大里字高平仲程,0,,,9,4,5,3
47215046005,4,南城市,大里字高平グリーンタウン,0,,,110,55,55,31
472150470,3,南城市,大里字稲嶺,0,,,4810,2351,2459,1690
47215047001,4,南城市,大里字稲嶺稲嶺,0,,,1257,625,632,462
47215047002,4,南城市,大里字稲嶺グリーンタウン,0,,,2104,1032,1072,752
47215047003,4,南城市,大里字稲嶺目取真,0,,,772,367,405,249
47215047004,4,南城市,大里字稲嶺湧稲国,0,,,653,316,337,219
47215047005,4,南城市,大里字稲嶺平川,0,,,24,11,13,8
472150480,3,南城市,大里字大城,0,,,2660,1312,1348,868
47215048001,4,南城市,大里字大城大城,0,,,1040,524,516,391
47215048002,4,南城市,大里字大城稲福,0,,,492,258,234,164
47215048003,4,南城市,大里字大城東雲の丘,0,,,157,39,118,22
47215048004,4,南城市,大里字大城こう生のむら,0,,,53,32,21,1
47215048005,4,南城市,大里字大城真境名,0,,,712,372,340,220
47215048006,4,南城市,大里字大城大里第二団地,0,,,206,87,119,70
472150490,2,南城市,佐敷字つきしろ,0,,,1277,639,638,492
472150500,2,南城市,大里字平良,0,,,529,263,266,177
47301,1,国頭村,,0,,,4517,2317,2200,1976
473010010,2,国頭村,字浜,0,,,327,174,153,124
473010020,2,国頭村,字半地,0,,,177,89,88,65
473010030,2,国頭村,字比地,0,,,113,64,49,51
473010040,2,国頭村,字鏡地,0,,,430,216,214,203
473010050,2,国頭村,字奥間,0,,,379,199,180,158
473010060,2,国頭村,字桃原,0,,,293,148,145,113
473010070,2,国頭村,字辺土名,0,,,1427,687,740,576
473010080,2,国頭村,字宇良,0,,,114,54,60,52
473010090,2,国頭村,字伊地,0,,,171,87,84,68
473010100,2,国頭村,字与那,0,,,171,87,84,71
473010110,2,国頭村,字謝敷,0,,,36,22,14,23
473010120,2,国頭村,字佐手,0,,,73,41,32,40
473010130,2,国頭村,字辺野喜,0,,,129,75,54,69
473010140,2,国頭村,字宇嘉,0,,,44,25,19,21
473010150,2,国頭村,字宜名真,0,,,73,41,32,46
473010160,2,国頭村,字辺戸,0,,,57,34,23,41
473010170,2,国頭村,字奥,0,,,136,75,61,72
473010180,2,国頭村,字楚洲,0,,,99,54,45,43
473010190,2,国頭村,字安田,0,,,128,70,58,68
473010200,2,国頭村,字安波,0,,,140,75,65,72
47302,1,大宜味村,,0,,,3092,1640,1452,1308
473020010,2,大宜味村,字田嘉里,0,,,246,129,117,105
473020020,2,大宜味村,字謝名城,0,,,156,88,68,77
473020030,2,大宜味村,字喜如嘉,0,,,416,221,195,192
473020040,2,大宜味村,字饒波,0,,,118,80,38,41
473020050,2,大宜味村,字大兼久,0,,,115,54,61,52
473020060,2,大宜味村,字大宜味,0,,,114,60,54,44
473020070,2,大宜味村,字根路銘,0,,,168,83,85,78
473020080,2,大宜味村,字上原,0,,,31,18,13,13
473020090,2,大宜味村,字塩屋,0,,,668,347,321,273
473020100,2,大宜味村,字屋古,0,,,93,44,49,40
473020110,2,大宜味村,字田港,0,,,74,47,27,34
473020120,2,大宜味村,字押川,0,,,44,21,23,25
473020130,2,大宜味村,字大保,0,,,90,41,49,36
473020140,2,大宜味村,字白浜,0,,,13,7,6,8
473020150,2,大宜味村,字宮城,0,,,94,49,45,45
473020160,2,大宜味村,字津波,0,,,529,284,245,192
473020170,2,大宜味村,字江洲,0,,,123,67,56,53
47303,1,東村,,0,,,1598,884,714,725
473030010,2,東村,字平良,0,,,416,231,185,176
473030020,2,東村,字慶佐次,0,,,232,131,101,109
473030030,2,東村,字有銘,0,,,287,158,129,128
473030040,2,東村,字高江,0,,,96,51,45,48
473030050,2,東村,字宮城,0,,,248,130,118,128
473030060,2,東村,字川田,0,,,319,183,136,136
47306,1,今帰仁村,,0,,,8894,4466,4428,3541
473060010,2,今帰仁村,字今泊,0,,,1075,503,572,372
473060020,2,今帰仁村,字兼次,0,,,281,129,152,135
473060030,2,今帰仁村,字諸志,0,,,317,162,155,133
473060040,2,今帰仁村,字与那嶺,0,,,317,159,158,132
473060050,2,今帰仁村,字仲尾次,0,,,372,194,178,126
473060060,2,今帰仁村,字崎山,0,,,328,167,161,143
473060070,2,今帰仁村,字平敷,0,,,448,228,220,193
473060080,2,今帰仁村,字謝名,0,,,605,317,288,240
473060090,2,今帰仁村,字越地,0,,,344,171,173,126
473060100,2,今帰仁村,字仲宗根,0,,,878,451,427,364
473060110,2,今帰仁村,字玉城,0,,,739,365,374,290
473060120,2,今帰仁村,字呉我山,0,,,160,83,77,74
473060130,2,今帰仁村,字湧川,0,,,666,349,317,273
473060140,2,今帰仁村,字天底,0,,,979,469,510,332
473060150,2,今帰仁村,字勢理客,0,,,293,145,148,112
473060160,2,今帰仁村,字渡喜仁,0,,,286,147,139,117
473060170,2,今帰仁村,字運天,0,,,192,102,90,98
473060180,2,今帰仁村,字上運天,0,,,315,154,161,122
473060190,2,今帰仁村,字古宇利,0,,,299,171,128,159
47308,1,本部町,,0,,,12530,6337,6193,5351
473080010,2,本部町,字瀬底,0,,,862,434,428,427
473080020,2,本部町,字崎本部,0,,,606,327,279,246
473080030,2,本部町,字健堅,0,,,575,300,275,263
473080040,2,本部町,字辺名地,0,,,395,212,183,160
473080050,2,本部町,字大浜,0,,,1233,596,637,521
473080060,2,本部町,字谷茶,0,,,714,335,379,286
473080070,2,本部町,字渡久地,0,,,1030,511,519,430
473080080,2,本部町,字東,0,,,1107,562,545,435
473080090,2,本部町,字大嘉陽,0,,,90,49,41,33
473080100,2,本部町,字伊豆味,0,,,682,346,336,300
473080110,2,本部町,字並里,0,,,197,98,99,93
473080120,2,本部町,字伊野波,0,,,559,275,284,213
473080130,2,本部町,字山里,0,,,196,107,89,73
473080140,2,本部町,字野原,0,,,268,138,130,103
473080150,2,本部町,字浜元,0,,,581,317,264,294
473080160,2,本部町,字浦崎,0,,,244,121,123,113
473080170,2,本部町,字古島,0,,,78,39,39,35
473080180,2,本部町,字大堂,0,,,40,21,19,14
473080190,2,本部町,字謝花,0,,,277,145,132,114
473080200,2,本部町,字北里,0,,,329,173,156,119
473080210,2,本部町,字嘉津宇,0,,,88,51,37,46
473080220,2,本部町,字具志堅,0,,,362,185,177,181
473080230,2,本部町,字新里,0,,,389,199,190,144
473080240,2,本部町,字備瀬,0,,,372,194,178,183
473080250,2,本部町,字石川,0,,,386,192,194,91
473080260,2,本部町,字山川,0,,,599,276,323,322
473080270,2,本部町,字豊原,0,,,271,134,137,112
47311,1,恩納村,,0,,,10869,5497,5372,4735
473110010,2,恩納村,字名嘉真,0,,,1085,556,529,618
473110020,2,恩納村,字喜瀬武原,0,,,313,169,144,126
473110030,2,恩納村,字安富祖,0,,,686,362,324,257
473110040,2,恩納村,字瀬良垣,0,,,739,355,384,347
473110050,2,恩納村,字恩納,0,,,2442,1264,1178,921
473110060,2,恩納村,字谷茶,0,,,735,345,390,387
473110070,2,恩納村,字冨着,0,,,522,255,267,273
473110080,2,恩納村,字前兼久,0,,,757,370,387,330
473110090,2,恩納村,字仲泊,0,,,1209,584,625,533
473110100,2,恩納村,字山田,0,,,1154,605,549,442
473110110,2,恩納村,字真栄田,0,,,1227,632,595,501
47313,1,宜野座村,,0,,,5833,2907,2926,2239
473130010,2,宜野座村,字漢那,0,,,1447,695,752,540
473130020,2,宜野座村,字惣慶,0,,,1710,855,855,624
473130030,2,宜野座村,字宜野座,0,,,1149,579,570,446
473130040,2,宜野座村,字松田,0,,,1527,778,749,629
473130050,2,宜野座村,,0,,,-,-,-,-
47314,1,金武町,,0,,,10806,5371,5435,4657
473140010,3,金武町,字金武,0,,,7864,3929,3935,3429
47314001000,4,金武町,字金武喜瀬武原区,0,,,31,18,13,17
47314001001,4,金武町,字金武中川区,0,,,867,422,445,352
47314001002,4,金武町,字金武並里区,0,,,2577,1273,1304,1096
47314001003,4,金武町,字金武金武区,0,,,4389,2216,2173,1964
473140020,2,金武町,字伊芸,0,,,1000,480,520,409
473140030,2,金武町,字屋嘉,0,,,1942,962,980,819
473140040,2,金武町,金武湾,0,,,-,-,-,-
47315,1,伊江村,,0,,,4118,2074,2044,1900
473150010,2,伊江村,字東江上,0,,,740,370,370,343
473150020,2,伊江村,字東江前,0,,,1185,612,573,553
473150030,2,伊江村,字西江上,0,,,517,244,273,250
473150040,2,伊江村,字西江前,0,,,615,320,295,281
473150050,2,伊江村,字川平,0,,,1061,528,533,473
47324,1,読谷村,,0,,,41206,20242,20964,15672
473240010,2,読谷村,字喜名,0,,,3688,1836,1852,1338
473240030,2,読谷村,字座喜味,0,,,3723,1792,1931,1389
473240040,2,読谷村,字伊良皆,0,,,2701,1328,1373,1069
473240050,2,読谷村,字上地,0,,,579,288,291,226
473240060,2,読谷村,字波平,0,,,3333,1630,1703,1277
473240070,2,読谷村,字都屋,0,,,1492,752,740,535
473240080,2,読谷村,字高志保,0,,,2974,1468,1506,1037
473240090,2,読谷村,字渡慶次,0,,,1862,889,973,720
473240100,2,読谷村,字儀間,0,,,500,246,254,197
473240110,2,読谷村,字宇座,0,,,549,273,276,242
473240120,2,読谷村,字瀬名波,0,,,1623,806,817,634
473240130,2,読谷村,字長浜,0,,,3371,1646,1725,1375
473240140,2,読谷村,字楚辺,0,,,4448,2197,2251,1686
473240150,2,読谷村,字渡具知,0,,,968,473,495,351
473240160,2,読谷村,字比謝,0,,,1783,888,895,758
473240170,2,読谷村,字大湾,0,,,2118,1057,1061,782
473240180,2,読谷村,字古堅,0,,,3097,1508,1589,1141
473240190,2,読谷村,字大木,0,,,2319,1125,1194,879
473240200,2,読谷村,字比謝矼,0,,,78,40,38,36
473240210,2,読谷村,字牧原,0,,,-,-,-,-
47325,1,嘉手納町,,0,,,13521,6561,6960,5220
473250010,2,嘉手納町,字屋良,0,,,1481,735,746,532
473250020,2,嘉手納町,字嘉手納,0,,,4554,2258,2296,1819
473250031,2,嘉手納町,水釜,0,,,1617,779,838,616
473250032,2,嘉手納町,字水釜,0,,,4242,2021,2221,1684
473250033,2,嘉手納町,字兼久,0,,,267,125,142,112
473250050,2,嘉手納町,字野里,0,,,-,-,-,-
473250060,2,嘉手納町,字久得,0,,,68,25,43,1
473250070,2,嘉手納町,屋良,0,,,1292,618,674,456
47326,1,北谷町,,0,,,28201,13483,14718,11697
473260011,2,北谷町,北前,0,,,846,409,437,445
473260012,2,北谷町,字北前,0,,,640,317,323,323
473260021,3,北谷町,北谷,0,,,1661,806,855,841
47326002101,4,北谷町,北谷一丁目,0,,,629,315,314,330
47326002102,4,北谷町,北谷二丁目,0,,,1032,491,541,511
473260022,2,北谷町,字北谷,0,,,-,-,-,-
473260040,2,北谷町,字玉上,0,,,423,209,214,158
473260050,3,北谷町,字吉原,0,,,7492,3598,3894,2995
47326005001,4,北谷町,字吉原,0,,,180,93,87,104
47326005002,4,北谷町,字吉原,0,,,1112,540,572,446
47326005003,4,北谷町,字吉原,0,,,2669,1284,1385,1023
47326005004,4,北谷町,字吉原,0,,,944,467,477,419
47326005005,4,北谷町,字吉原,0,,,2098,978,1120,774
47326005006,4,北谷町,字吉原,0,,,489,236,253,229
473260060,2,北谷町,字桃原,0,,,744,347,397,262
473260070,3,北谷町,字桑江,0,,,5448,2647,2801,2074
47326007001,4,北谷町,字桑江,0,,,1474,700,774,531
47326007002,4,北谷町,字桑江,0,,,19,9,10,6
47326007003,4,北谷町,字桑江,0,,,208,89,119,79
47326007004,4,北谷町,字桑江,0,,,3070,1527,1543,1133
47326007005,4,北谷町,字桑江,0,,,677,322,355,325
473260080,2,北谷町,字伊平,0,,,821,379,442,446
473260090,2,北谷町,字上勢頭,0,,,2296,1129,1167,872
473260110,2,北谷町,字浜川,0,,,1070,500,570,461
473260120,2,北谷町,字砂辺,0,,,1215,595,620,475
473260130,2,北谷町,字宮城,0,,,3689,1698,1991,1515
473260140,2,北谷町,字港,0,,,369,167,202,171
473260151,3,北谷町,美浜,0,,,676,320,356,337
47326015101,4,北谷町,美浜一丁目,0,,,221,104,117,110
47326015102,4,北谷町,美浜二丁目,0,,,254,123,131,135
47326015103,4,北谷町,美浜三丁目,0,,,201,93,108,92
473260152,2,北谷町,字美浜,0,,,804,360,444,319
473260160,2,北谷町,字大村,0,,,7,2,5,3
47327,1,北中城村,,0,,,17969,8667,9302,6558
473270010,2,北中城村,字喜舎場,0,,,1842,910,932,642
473270020,2,北中城村,字仲順,0,,,1532,763,769,491
473270030,2,北中城村,字熱田,0,,,1598,781,817,579
473270040,2,北中城村,字和仁屋,0,,,757,370,387,283
473270050,2,北中城村,字渡口,0,,,710,361,349,284
473270060,2,北中城村,字島袋,0,,,4981,2344,2637,1919
473270070,2,北中城村,字屋宜原,0,,,1057,504,553,308
473270080,2,北中城村,字瑞慶覧,0,,,270,125,145,117
473270100,3,北中城村,字安谷屋,0,,,2188,1062,1126,824
47327010000,4,北中城村,字安谷屋,0,,,1828,881,947,664
47327010001,4,北中城村,字安谷屋石平行政区,0,,,360,181,179,160
473270110,2,北中城村,字荻道,0,,,577,293,284,195
473270120,2,北中城村,字大城,0,,,570,255,315,133
473270130,2,北中城村,,0,,,-,-,-,-
473270140,2,北中城村,字美崎,0,,,930,450,480,371
473270150,2,北中城村,字比嘉,0,,,224,107,117,102
473270160,2,北中城村,字ライカム,0,,,733,342,391,310
47328,1,中城村,,0,,,22157,11036,11121,8851
473280010,2,中城村,字伊集,0,,,714,352,362,270
473280020,2,中城村,字和宇慶,0,,,704,367,337,267
473280030,2,中城村,字南浜,0,,,203,99,104,67
473280040,2,中城村,字北浜,0,,,422,217,205,144
473280050,2,中城村,字津覇,0,,,1283,617,666,462
473280060,2,中城村,字奥間,0,,,754,363,391,272
473280070,2,中城村,字浜,0,,,558,255,303,157
473280080,2,中城村,字安里,0,,,384,186,198,138
473280090,2,中城村,字当間,0,,,833,413,420,322
473280100,2,中城村,字屋宜,0,,,784,395,389,276
473280110,2,中城村,字添石,0,,,574,251,323,162
473280120,2,中城村,字伊舎堂,0,,,872,449,423,300
473280130,2,中城村,字泊,0,,,372,200,172,128
473280140,2,中城村,字久場,0,,,1564,762,802,551
473280150,2,中城村,字登又,0,,,872,472,400,328
473280160,2,中城村,字新垣,0,,,861,438,423,287
473280170,2,中城村,字北上原,0,,,815,424,391,317
473280180,2,中城村,字南上原,0,,,9588,4776,4812,4403
473280190,2,中城村,中城湾港,0,,,-,-,-,-
47329,1,西原町,,0,,,34984,17647,17337,13610
473290010,2,西原町,字幸地,0,,,3096,1510,1586,1166
473290021,2,西原町,棚原,0,,,988,504,484,434
473290022,2,西原町,字棚原,0,,,1618,850,768,795
473290030,2,西原町,字徳佐田,0,,,291,144,147,94
473290040,2,西原町,字森川,0,,,509,276,233,261
473290050,2,西原町,字千原,0,,,1151,755,396,474
473290061,3,西原町,上原,0,,,3685,1856,1829,1681
47329006101,4,西原町,上原一丁目,0,,,1331,654,677,565
47329006102,4,西原町,上原二丁目,0,,,2354,1202,1152,1116
473290062,2,西原町,字上原,0,,,440,214,226,204
473290070,2,西原町,字翁長,0,,,4059,1989,2070,1531
473290080,2,西原町,字呉屋,0,,,688,345,343,239
473290090,2,西原町,字津花波,0,,,630,314,316,219
473290100,2,西原町,字小橋川,0,,,1289,662,627,484
473290110,2,西原町,字内間,0,,,1104,506,598,398
473290120,2,西原町,字掛保久,0,,,463,205,258,137
473290130,2,西原町,字嘉手苅,0,,,534,267,267,201
473290140,2,西原町,字小那覇,0,,,2250,1094,1156,798
473290150,2,西原町,字兼久,0,,,2086,1045,1041,796
473290160,2,西原町,字与那城,0,,,2534,1258,1276,946
473290170,2,西原町,字我謝,0,,,3127,1609,1518,1198
473290180,2,西原町,字安室,0,,,377,190,187,122
473290190,2,西原町,字桃原,0,,,276,145,131,92
473290200,2,西原町,字池田,0,,,745,397,348,257
473290210,2,西原町,字小波津,0,,,2792,1388,1404,1001
473290220,2,西原町,字東崎,0,,,252,124,128,82
473290230,2,西原町,,0,,,-,-,-,-
47348,1,与那原町,,0,,,19695,9554,10141,7949
473480010,2,与那原町,字上与那原,0,,,1726,843,883,645
473480020,2,与那原町,字与那原,0,,,9370,4509,4861,3859
473480030,2,与那原町,字板良敷,0,,,4075,1990,2085,1678
473480040,2,与那原町,,0,,,-,-,-,-
473480050,2,与那原町,字東浜,0,,,4524,2212,2312,1767
47350,1,南風原町,,0,,,40440,19825,20615,14679
473500010,2,南風原町,字与那覇,0,,,2432,1191,1241,907
473500020,2,南風原町,字宮城,0,,,981,503,478,352
473500030,2,南風原町,字大名,0,,,1192,609,583,337
473500040,2,南風原町,字新川,0,,,3655,1748,1907,1130
473500050,2,南風原町,字宮平,0,,,7833,3837,3996,2700
473500060,2,南風原町,字兼城,0,,,6600,3212,3388,2478
473500070,2,南風原町,字本部,0,,,2205,1114,1091,810
473500080,2,南風原町,字喜屋武,0,,,1232,625,607,460
473500090,2,南風原町,字照屋,0,,,1652,826,826,638
473500100,2,南風原町,字津嘉山,0,,,10868,5263,5605,4227
473500110,2,南風原町,字山川,0,,,1004,481,523,336
473500120,2,南風原町,字神里,0,,,786,416,370,304
47353,1,渡嘉敷村,,0,,,718,387,331,389
473530010,2,渡嘉敷村,字渡嘉敷,0,,,480,263,217,253
473530020,2,渡嘉敷村,字阿波連,0,,,238,124,114,136
473530030,2,渡嘉敷村,字前島,0,,,-,-,-,-
47354,1,座間味村,,0,,,892,486,406,501
473540010,2,座間味村,字座間味,0,,,406,228,178,227
473540020,2,座間味村,字阿嘉,0,,,247,133,114,140
473540030,2,座間味村,字慶留間,0,,,64,36,28,33
473540040,2,座間味村,字阿佐,0,,,94,44,50,48
473540050,2,座間味村,字阿真,0,,,81,45,36,53
47355,1,粟国村,,0,,,683,384,299,378
473550010,2,粟国村,字東,0,,,301,158,143,164
473550020,2,粟国村,字西,0,,,148,87,61,87
473550030,2,粟国村,字浜,0,,,234,139,95,127
47356,1,渡名喜村,,0,,,346,206,140,224
473560010,2,渡名喜村,,0,,,346,206,140,224
47357,1,南大東村,,0,,,1285,744,541,680
473570010,2,南大東村,字在所,0,,,677,395,282,380
473570020,2,南大東村,字池之沢,0,,,189,112,77,102
473570030,2,南大東村,字北,0,,,88,52,36,49
473570040,2,南大東村,字新東,0,,,43,25,18,22
473570050,2,南大東村,字旧東,0,,,144,81,63,57
473570060,2,南大東村,字南,0,,,144,79,65,70
47358,1,北大東村,,0,,,590,367,223,326
473580010,2,北大東村,字港,0,,,180,124,56,115
473580020,2,北大東村,字中野,0,,,213,128,85,123
473580030,2,北大東村,字南,0,,,197,115,82,88
473580040,2,北大東村,字ラサ,0,,,-,-,-,-
47359,1,伊平屋村,,0,,,1126,607,519,518
473590010,2,伊平屋村,字田名,0,,,237,138,99,108
473590020,2,伊平屋村,字前泊,0,,,227,120,107,111
473590030,2,伊平屋村,字我喜屋,0,,,318,160,158,142
473590040,2,伊平屋村,字島尻,0,,,258,151,107,115
473590050,2,伊平屋村,字野甫,0,,,86,38,48,42
47360,1,伊是名村,,0,,,1322,718,604,637
473600010,2,伊是名村,字仲田,0,,,381,198,183,176
473600020,2,伊是名村,字伊是名,0,,,227,125,102,127
473600030,2,伊是名村,字勢理客,0,,,183,90,93,82
473600040,2,伊是名村,字内花,0,,,160,92,68,68
473600050,2,伊是名村,字諸見,0,,,371,213,158,184
47361,1,久米島町,,0,,,7192,3823,3369,3338
473610010,2,久米島町,字宇江城,0,,,240,163,77,82
473610020,2,久米島町,字比屋定,0,,,76,43,33,33
473610030,2,久米島町,字阿嘉,0,,,72,37,35,34
473610050,2,久米島町,字真謝,0,,,396,205,191,189
473610060,2,久米島町,字宇根,0,,,411,219,192,200
473610090,2,久米島町,字奥武,0,,,37,21,16,19
473610110,2,久米島町,字謝名堂,0,,,474,245,229,234
473610120,2,久米島町,字比嘉,0,,,955,477,478,446
473610130,2,久米島町,字真我里,0,,,194,90,104,98
473610140,2,久米島町,字銭田,0,,,112,62,50,52
473610150,2,久米島町,字島尻,0,,,105,61,44,50
473610160,2,久米島町,字山城,0,,,112,64,48,52
473610170,2,久米島町,字儀間,0,,,613,319,294,310
473610190,2,久米島町,字仲村渠,0,,,96,52,44,47
473610200,2,久米島町,字具志川,0,,,87,49,38,52
473610210,2,久米島町,字仲地,0,,,229,112,117,95
473610220,2,久米島町,字山里,0,,,105,59,46,44
473610230,2,久米島町,字上江洲,0,,,100,52,48,46
473610240,2,久米島町,字西銘,0,,,256,131,125,114
473610250,2,久米島町,字北原,0,,,118,60,58,51
473610260,2,久米島町,字大原,0,,,213,122,91,91
473610270,3,久米島町,字鳥島,0,,,339,191,148,149
47361027000,4,久米島町,字鳥島,0,,,339,191,148,149
47361027001,4,久米島町,字鳥島硫黄鳥島,0,,,-,-,-,-
473610280,2,久米島町,字仲泊,0,,,1028,542,486,470
473610290,2,久米島町,字大田,0,,,260,133,127,126
473610300,2,久米島町,字兼城,0,,,186,100,86,85
473610310,2,久米島町,字嘉手苅,0,,,378,214,164,169
47362,1,八重瀬町,,0,,,30941,15244,15697,10680
473620010,2,八重瀬町,字東風平,0,,,5901,2856,3045,2062
473620020,2,八重瀬町,字伊覇,0,,,3197,1558,1639,1070
473620030,2,八重瀬町,字上田原,0,,,464,220,244,140
473620040,2,八重瀬町,字屋宜原,0,,,2834,1369,1465,960
473620050,2,八重瀬町,字富盛,0,,,1671,842,829,563
473620060,2,八重瀬町,字世名城,0,,,1118,583,535,392
473620070,2,八重瀬町,字高良,0,,,212,108,104,82
473620080,2,八重瀬町,字志多伯,0,,,881,459,422,322
473620090,2,八重瀬町,字当銘,0,,,563,259,304,175
473620100,2,八重瀬町,字小城,0,,,649,328,321,223
473620110,2,八重瀬町,字宜次,0,,,1461,712,749,554
473620120,2,八重瀬町,字外間,0,,,875,404,471,267
473620130,2,八重瀬町,字友寄,0,,,2280,1121,1159,812
473620140,2,八重瀬町,字具志頭,0,,,1935,974,961,625
473620150,2,八重瀬町,字新城,0,,,1238,613,625,427
473620160,2,八重瀬町,字後原,0,,,1294,646,648,455
473620170,2,八重瀬町,字大頓,0,,,424,213,211,169
473620180,2,八重瀬町,字玻名城,0,,,686,365,321,244
473620190,2,八重瀬町,字安里,0,,,897,424,473,269
473620200,2,八重瀬町,字与座,0,,,112,57,55,45
473620210,2,八重瀬町,字仲座,0,,,466,247,219,158
473620220,2,八重瀬町,字港川,0,,,711,368,343,288
473620230,2,八重瀬町,字長毛,0,,,1072,518,554,378
47375,1,多良間村,,0,,,1058,575,483,466
473750010,2,多良間村,字仲筋,0,,,309,161,148,143
473750020,2,多良間村,字塩川,0,,,745,411,334,320
473750030,2,多良間村,字水納,0,,,4,3,1,3
47381,1,竹富町,,0,,,3942,2033,1909,2093
473810010,2,竹富町,字上原,0,,,963,481,482,486
473810020,2,竹富町,字高那,0,,,40,25,15,37
473810030,2,竹富町,字古見,0,,,99,50,49,45
473810040,2,竹富町,字南風見仲,0,,,308,167,141,164
473810050,2,竹富町,字南風見,0,,,443,229,214,239
473810060,2,竹富町,字西表,0,,,400,200,200,209
473810070,2,竹富町,字崎山,0,,,-,-,-,-
473810080,2,竹富町,字鳩間,0,,,54,28,26,40
473810090,2,竹富町,字小浜,0,,,621,332,289,371
473810100,2,竹富町,字竹富,0,,,341,162,179,162
473810110,2,竹富町,字黒島,0,,,193,99,94,102
473810120,2,竹富町,字新城,0,,,10,7,3,9
473810130,2,竹富町,字波照間,0,,,470,253,217,229
47382,1,与那国町,,0,,,1676,923,753,760
473820010,2,与那国町,字与那国,0,,,1676,923,753,760